#启航春天里##关注2022两会#【攻坚克难砥砺奋进——从政府工作报告看#2022年中国发展新走向#】2022年，是党和国家事业发展进程中十分重要的一年，是党的二十大召开之年。中国的“两会时间”将向世界铺展怎样的发展新图景？5日提请十三届全国人大五次会议审议的政府工作报告，提出一系列新目标新部署，​展开c,福建新闻广播fm1036,2秒前 来自微博weibo.com,https://weibo.com/1685262231?refer_flag=1001030103_
【高福谈#群体免疫理想状态没有达成但传播率会下降#】#微观两会#全国政协委员、中国疾病预防控制中心主任高福接受中新社记者采访时表示，最初最理想状态是，打完疫苗免疫屏障就建立起来了，打完疫苗就不感染、也不传播了。高福说，但是通过接种疫苗我们建立起的群体免疫能够防重症、防死亡。“所以现​展开c,中国新闻社,4秒前 来自微博视频号,https://weibo.com/3604378011?refer_flag=1001030103_
【40岁上有老又下有小更需要社会重视】如今，部分单位将35岁作为招聘红线，40岁及以上骨干被“一刀切”、边缘化的情况也时有出现。今年全国两会，全国政协委员、上海市政府参事胡卫带来了一份“关于减少中年人力资源浪费”的提案，胡卫在《做客央广网》栏目中表示：“要创造一个公平的就业环境，无论是​展开c,明日头条,6秒前 来自微博视频号,https://weibo.com/5681478953?refer_flag=1001030103_
【青海省全国人大代表夏吾卓玛走进“代表通道”】#全国两会#L西海都市报官方微博的微博视频​,西海都市报官方微博,6秒前 来自微博视频号,https://weibo.com/1975154821?refer_flag=1001030103_
//@热浪人间:#2022年全国两会#法院利用执行权敛财严重影响国家的司法形象，阻碍法治中国建设的整体推进。请关注,捍卫正义23,11秒前 来自nova7SE5G你在焦点在,https://weibo.com/7278120583?refer_flag=1001030103_
时政新闻眼丨第五次到内蒙古代表团，习近平重点谈到三件大事O时政新闻眼丨第五次到内蒙古代表团，习近平重点谈到三件大事时政两会说丨话民族团结创美好生活——总书记同全国人大代表共商国是O时政两会说丨话民族团结创美好生活——总书记同全国人大代表共商国是镜观·领航丨这一年，总书记的“两会关切”这样落实O镜观·领航丨这一年，总书记的“两会关切”这样落实​,海口网,13秒前 来自360安全浏览器,https://weibo.com/1813124744?refer_flag=1001030103_
#2022全国两会聚焦#【张兴赢委员：#推进碳达峰碳中和首先要摸清家底#】全国政协委员、国家卫星气象中心副主任张兴赢近日接受采访时表示，对于碳达峰碳中和来说，首先需要做的就是要摸清家底。我们要知道究竟我们目前的碳排放情况是什么样的。不同的行业，它究竟排放量多少，那么在国家采取相关的政策​展开c,河北新闻广播,13秒前 来自iPhone客户端,https://weibo.com/1913366611?refer_flag=1001030103_
时政两会说丨话民族团结创美好生活——总书记同全国人大代表共商国是O时政两会说丨话民族团结创美好生活——总书记同全国人大代表共商国是​,大同日报,13秒前 来自微博weibo.com,https://weibo.com/2572182777?refer_flag=1001030103_
"#2022全国两会#黑龙江省肇东市亿万富翁徐海芬，王永太,，王双雇凶杀人，杀人犯王双雇黑社会在对青山租房看上我家人了要杀我家人灭口，请哈尔滨公安局快来抓黑社会和杀人犯王双，我报110对青山派出所杀人不抓，黑社会不抓，​​请不要删我微博。​",我来找清官,13秒前 来自vivoY3闪充强续航,https://weibo.com/5744807988?refer_flag=1001030103_
【全国政协委员#建议全职太太全职先生成合法职业#，享受工龄累计、社保等待遇】#周刊君带你看两会#全国两会期间，全国政协委员、广西壮族自治区柳州市人民检察院副检察长韦震玲提交提案，建议建立家庭全职服务成员职业权利保障制度，维护家庭全职服务成员的合法权益。她认为，因特殊事由、特殊时期​展开c,红塔区发布,17秒前 来自微博视频号,https://weibo.com/3974560125?refer_flag=1001030103_
#全国两会#【委员谈#冰墩墩雪容融成爆款是因审美自信#】全国政协委员、中国美术家协会主席范迪安认为，从冬奥会开闭幕式的中国式浪漫到“顶流”冰墩墩雪容融，都体现从容的文化自信。冰墩墩不仅视觉可爱，还与大众有情感交流；雪容融色彩温暖，与残疾人运动员有情感默契。对它们的喜爱，源于对民族审美​展开c,陇南日报,30秒前 来自微博视频号,https://weibo.com/3230317920?refer_flag=1001030103_
#声聚两会#【安阿玥委员：#建议建立养老护理员黑名单制度#】日前，全国政协委员、中国中医科学院望京医院肛肠科主任安阿玥接受采访时认为，要提高养老从业人员综合素质。具体来看，首先，要建立养老护理员的黑名单制度。他说，“养老护理员在道德约束这方面，监督机制还不够。例如，现在我们有个别报​展开c,中国网直播,31秒前 来自微博视频号,https://weibo.com/1884488621?refer_flag=1001030103_
#启航春天里##关注2022两会#【代表委员“开箱”记｜#我把特效药的药盒带到北京#】全国政协委员杜丽群，今年带了一个治疗罕见病脊髓性肌萎缩症的“特效药”药盒到北京，此药2021年年底被纳入国家医保，价格从70万元一支降到了现在的3.3万元。杜丽群对罕见病关注已久，面对罕见病存在着高误诊、高漏诊、​展开c,福建新闻广播fm1036,36秒前 来自微博视频号,https://weibo.com/1685262231?refer_flag=1001030103_
#2022豫见全国两会#【#河南代表团提交3个全团建议#之二：恳请支持创建国家区域科技创新中心】【背景】当前我国已形成北京、上海、粤港澳大湾区等3大国际科技创新中心和北京怀柔、上海张江、安徽合肥、大湾区等4大综合性国家科学中心。国家“十四五”规划纲要指出，支持有条件的地方建设区域科技创新​展开c,河南日报,38秒前 来自360安全浏览器,https://weibo.com/3288875501?refer_flag=1001030103_
【政府工作报告在南昌干部群众中引发热烈反响】3月5日上午，第十三届全国人民代表大会第五次会议在北京隆重开幕。南昌市各界纷纷组织收听收看，第一时间聆听政府工作报告。今年的政府工作报告依旧“干货”满满，提出的多项发展经济和保障民生政策，让大家对未来充满了信心和干劲。​展开c,南昌交通广播,52秒前 来自iPhone客户端,https://weibo.com/1989723775?refer_flag=1001030103_
#2022全国两会聚焦##2022年全国两会#【代表委员“开箱”记｜#我把特效药的药盒带到北京#】全国政协委员杜丽群，今年带了一个治疗罕见病脊髓性肌萎缩症的“特效药”药盒到北京，此药2021年年底被纳入国家医保，价格从70万元一支降到了现在的3.3万元。杜丽群对罕见病关注已久，面对罕见病存在着高误诊、​展开c,河北新闻广播,1分钟前 来自iPhone客户端,https://weibo.com/1913366611?refer_flag=1001030103_
2022全国两会全面开启，快来参加@新华网#两会知识点#pk赛，一起关注两会！点击链接测一测你的两会知识水平怎么样~O网页链接​,别怕有我们在K,1分钟前 来自微博答题,https://weibo.com/7415643781?refer_flag=1001030103_
#今年你读几本书了#【全国政协委员朱永新：全民阅读凝聚人心垒砌国家竞争力重要基石】移动互联网不断普及，海量信息冲刷着每个人的阅读习惯。切换不同方式，从中饱览广阔世界，我们的阅读拥有比以往更多的选择。全国两会之际，新华网特别节目《两会青年问答》连线采访全国政协常委兼副秘书长，民进中​展开c,成都科技,1分钟前 来自微博视频号,https://weibo.com/3149831401?refer_flag=1001030103_
#启航春天里##关注2022两会#【全国政协委员王丽萍：#建议旧口罩纳入垃圾分类管理#】疫情防控常态化下，废旧口罩数量激增，如处理方式不当，有造成环境污染、病毒传播的隐患。全国政协委员王丽萍建议：尽快制定关于废弃口罩管理的专项规定，构建日常废弃口罩回收和集中处置体系。鼓励推动口罩生产企业加​展开c,福建新闻广播fm1036,1分钟前 来自微博weibo.com,https://weibo.com/1685262231?refer_flag=1001030103_
#全国两会2022#【攻坚克难砥砺奋进——从政府工作报告看#2022年中国发展新走向#】2022年，是党和国家事业发展进程中十分重要的一年，是党的二十大召开之年。中国的“两会时间”将向世界铺展怎样的发展新图景？5日提请十三届全国人大五次会议审议的政府工作报告，提出一系列新目标新部署，传递出中国经​展开c,内蒙古日报,1分钟前 来自小米10,https://weibo.com/3919603060?refer_flag=1001030103_
【全国人大代表刘丽：#建议将防性侵课程纳入九年义务教育#】全国人大代表、合肥蜀山区刘丽健康咨询中心总监刘丽表示，孩子在成长过程中遭遇性侵，不仅会带来身体伤害，还会带来严重的心理和精神伤害，希望孩子们可以提前学到防性侵知识保护自己。刘丽介绍，《“女童保护”2021年性侵儿童案例统计及儿童​展开c,山海间视频,1分钟前 来自微博视频号,https://weibo.com/6993390513?refer_flag=1001030103_
【全国人大代表刘丽：#建议将防性侵课程纳入九年义务教育#】全国人大代表、合肥蜀山区刘丽健康咨询中心总监刘丽表示，孩子在成长过程中遭遇性侵，不仅会带来身体伤害，还会带来严重的心理和精神伤害，希望孩子们可以提前学到防性侵知识保护自己。刘丽介绍，《“女童保护”2021年性侵儿童案例统计及儿童​展开c,山川Video,1分钟前 来自微博云剪,https://weibo.com/5705156745?refer_flag=1001030103_
#声聚两会#【高福：#说2021年是新冠最后一个寒冬为时尚早#】日前，全国政协委员、中国疾病预防控制中心主任高福接受中新社记者采访，谈及此前有专家提出“2021年冬天是最后一个与新冠伴随的寒冬”的观点时表示，做此定论可能还为时尚早。“做出这个结论可能主要是看到了新出现的奥密克戎的传播力增强​展开c,中国网直播,1分钟前 来自微博视频号,https://weibo.com/1884488621?refer_flag=1001030103_
【全国人大代表刘丽：#建议将防性侵课程纳入九年义务教育#】全国人大代表、合肥蜀山区刘丽健康咨询中心总监刘丽表示，孩子在成长过程中遭遇性侵，不仅会带来身体伤害，还会带来严重的心理和精神伤害，希望孩子们可以提前学到防性侵知识保护自己。刘丽介绍，《“女童保护”2021年性侵儿童案例统计及儿童​展开c,蜂鸟Video,1分钟前 来自微博视频号,https://weibo.com/5821430142?refer_flag=1001030103_
【全国人大代表刘丽：#建议将防性侵课程纳入九年义务教育#】全国人大代表、合肥蜀山区刘丽健康咨询中心总监刘丽表示，孩子在成长过程中遭遇性侵，不仅会带来身体伤害，还会带来严重的心理和精神伤害，希望孩子们可以提前学到防性侵知识保护自己。刘丽介绍，《“女童保护”2021年性侵儿童案例统计及儿童​展开c,山海视频,1分钟前 来自微博视频号,https://weibo.com/7590570074?refer_flag=1001030103_
【全国人大代表刘丽：#建议将防性侵课程纳入九年义务教育#】全国人大代表、合肥蜀山区刘丽健康咨询中心总监刘丽表示，孩子在成长过程中遭遇性侵，不仅会带来身体伤害，还会带来严重的心理和精神伤害，希望孩子们可以提前学到防性侵知识保护自己。刘丽介绍，《“女童保护”2021年性侵儿童案例统计及儿童​展开c,海浪视频,1分钟前 来自微博云剪,https://weibo.com/7735518675?refer_flag=1001030103_
【全国人大代表刘丽：#建议将防性侵课程纳入九年义务教育#】全国人大代表、合肥蜀山区刘丽健康咨询中心总监刘丽表示，孩子在成长过程中遭遇性侵，不仅会带来身体伤害，还会带来严重的心理和精神伤害，希望孩子们可以提前学到防性侵知识保护自己。刘丽介绍，《“女童保护”2021年性侵儿童案例统计及儿童​展开c,篝火视频,1分钟前 来自微博视频号,https://weibo.com/7639071132?refer_flag=1001030103_
#关注2022全国两会#这么多奇葩葩的建议严重怀疑，是不是不强行提个建议不散会下班哈哈哈代入感好强，或者卷谁脑洞更大​,超音速小乌堆,1分钟前 来自iQOOU1性能小金刚,https://weibo.com/3830015969?refer_flag=1001030103_
【全国人大代表刘丽：#建议将防性侵课程纳入九年义务教育#】全国人大代表、合肥蜀山区刘丽健康咨询中心总监刘丽表示，孩子在成长过程中遭遇性侵，不仅会带来身体伤害，还会带来严重的心理和精神伤害，希望孩子们可以提前学到防性侵知识保护自己。刘丽介绍，《“女童保护”2021年性侵儿童案例统计及儿童​展开c,凤凰周刊,1分钟前 来自微博视频号,https://weibo.com/1267454277?refer_flag=1001030103_
时政两会说丨话民族团结创美好生活——总书记同全国人大代表共商国是O时政两会说丨话民族团结创美好生活——总书记同全国人大代表共商国是​,南海网,1分钟前 来自微博weibo.com,https://weibo.com/2355965410?refer_flag=1001030103_
#政法君在两会#【为什么？#每年两会她都在台湾厅前留个影#】全国政协委员周秉建，连续参加了三届全国两会，每年她都会到台湾厅的门口留一张影。她说：“1976年伯父周恩来逝世后，骨灰曾在台湾厅放了一夜。老人家期盼祖国统一，我在这里照相是为了缅怀他，作为中华民族子孙，我们要为祖国统一贡献自己的​展开c,西乡法院,1分钟前 来自微博视频号,https://weibo.com/3729292885?refer_flag=1001030103_
奋斗吧，中国！（2022全国两会特别版）O奋斗吧，中国！（2022全国两会特别版）​,用户7922811304,1分钟前 来自学习强国客户端,https://weibo.com/7302774695?refer_flag=1001030103_
【数读报告！#17个数字了解2022中国KPI#】①国内生产总值增长5.5%左右；②城镇新增就业1100万人以上；③居民医保和基本公共卫生服务经费人均财政补助标准分别再提高30元和5元…#2022中国KPI#↓↓收藏，了解！#全国两会江西答卷#​,江西发布,1分钟前 来自360安全浏览器,https://weibo.com/3687019147?refer_flag=1001030103_
#2022全国两会聚焦##全国两会2022#【攻坚克难砥砺奋进——从政府工作报告看#2022年中国发展新走向#】2022年，是党和国家事业发展进程中十分重要的一年，是党的二十大召开之年。中国的“两会时间”将向世界铺展怎样的发展新图景？5日提请十三届全国人大五次会议审议的政府工作报告，提出一系列新目标新​展开c,河北新闻广播,1分钟前 来自iPhone客户端,https://weibo.com/1913366611?refer_flag=1001030103_
#新黄河看两会##全国两会看山东#【全国政协委员、济南市副市长王桂英：聚焦民生福祉建真言献良策】每年两会，民生问题都会成为代表委员们关注的焦点话题。3月5日上午，十三届全国人大五次会议在北京开幕，国务院总理李克强作政府工作报告。今年的政府工作报告中提出，“切实保障和改善民生，加强和创​展开c,济南时报,1分钟前 来自微博weibo.com,https://weibo.com/1711530911?refer_flag=1001030103_
#关注2022全国两会#建议建议建议​,绿码,1分钟前 来自善解人意双鱼座,https://weibo.com/5492141174?refer_flag=1001030103_
#2022全国两会聚焦##全国两会2022#【攻坚克难砥砺奋进——从政府工作报告看#2022年中国发展新走向#】2022年，是党和国家事业发展进程中十分重要的一年，是党的二十大召开之年。中国的“两会时间”将向世界铺展怎样的发展新图景？5日提请十三届全国人大五次会议审议的政府工作报告，提出一系列新目标新​展开c,河北新闻广播,1分钟前 来自OPPOFindX3,https://weibo.com/1913366611?refer_flag=1001030103_
#好网民看两会##微看两会#2022年，是党和国家事业发展进程中十分重要的一年，是党的二十大召开之年。中国的“两会时间”将向世界铺展怎样的发展新图景？5日提请十三届全国人大五次会议审议的政府工作报告，提出一系列新目标新部署，传递出中国经济社会发展新信号。,中国好网民,1分钟前 来自HUAWEIP50Pro,https://weibo.com/5607499943?refer_flag=1001030103_
#2022豫见全国两会#【#河南代表团提交3个全团建议#之一：恳请支持郑州都市圈规划建设】【背景】郑州地处全国“两横三纵”城市化战略格局中陆桥通道和京广通道的交会处，是中原城市群的核心城市和9大国家中心城市之一。经过多年发展，郑州市综合实力大幅跃升，已成为支撑黄河流域生态保护和高质量发展​展开c,河南日报,1分钟前 来自360安全浏览器,https://weibo.com/3288875501?refer_flag=1001030103_
#甘肃发布两会关注#【彭静委员：#建议提高收买被拐妇女儿童罪的起刑标准#】近日，全国政协委员、律师彭静建议，提高收买被拐妇女儿童罪的起刑标准。彭静认为，现在对收买方的量刑期限过低了，应该提高对收买人的起刑的期限。从3年量刑期应该提得到5年以上，因为如果收买人往往还伴随着其他的犯罪行为​展开c,甘肃发布,2分钟前 来自微博weibo.com,https://weibo.com/1937187173?refer_flag=1001030103_
#启航春天里##关注2022两会#【全国政协委员李健：#提倡增加生育津贴减少个税#降低生育家庭负担】近年来，我国人口出生率持续走低，同时社会人口老龄化情况愈发严重，引起全社会的广泛关注和焦虑。虽然国家提倡适龄婚育、优生优育，一对夫妻可以生育三个子女。但要切实提高生育率，还必须完善相应的法​展开c,福建新闻广播fm1036,2分钟前 来自微博视频号,https://weibo.com/1685262231?refer_flag=1001030103_
【全国人大代表刘丽：#建议将防性侵课程纳入九年义务教育#】全国人大代表、合肥蜀山区刘丽健康咨询中心总监刘丽表示，孩子在成长过程中遭遇性侵，不仅会带来身体伤害，还会带来严重的心理和精神伤害，希望孩子们可以提前学到防性侵知识保护自己。刘丽介绍，《“女童保护”2021年性侵儿童案例统计及儿童​展开c,闪电视频,2分钟前 来自微博视频号,https://weibo.com/6166805925?refer_flag=1001030103_
中共江苏省委新闻网>要闻>正文国家发改委：不搞“碳冲锋”也不搞运动式“减碳”2022-03-0609:00:00来源：新华网新华社记者安蓓、谢希瑶、周圆“我们完全有信心、有决心、有基础、有条件、有能力，继续保持我国经济运行在合理区间，实现全年目标任务。”在5日举行的全国两会首场“部长通道​展开c,向往发展,2分钟前 来自bShare分享,https://weibo.com/2213243093?refer_flag=1001030103_
#声聚两会##中国网直播两会#【委员谈#冰墩墩雪容融成爆款是因审美自信#】全国政协委员、中国美术家协会主席范迪安认为，从冬奥会开闭幕式的中国式浪漫到“顶流”冰墩墩雪容融，都体现从容的文化自信。冰墩墩不仅视觉可爱，还与大众有情感交流；雪容融色彩温暖，与残疾人运动员有情感默契。对它们的喜​展开c,中国网直播,2分钟前 来自微博视频号,https://weibo.com/1884488621?refer_flag=1001030103_
发布了头条文章：《乡镇街道传达学习重要讲话精神和全国两会精神讲话稿》#两会精神#O乡镇街道传达学习重要讲话精神和全国两会精神讲话稿​,WJ-SD,2分钟前 来自微博weibo.com,https://weibo.com/2785785643?refer_flag=1001030103_
#委员建议逐步取消期房制度#【施卫东#委员建议加强期房销售监管#，逐步取消期房制度】#澎湃新闻直击全国两会#3月3日，全国政协委员、南通大学校长施卫东告诉澎湃新闻，他向全国政协十三届五次会议提交了《关于加强期房销售监管并逐步取消期房制度的提案》。面对“期房维权”频发问题，结合“房住不炒​展开c,澎湃新闻,2分钟前 来自微博weibo.com,https://weibo.com/5044281310?refer_flag=1001030103_
【政府工作报告在南昌干部群众中引发热烈反响】3月5日上午，第十三届全国人民代表大会第五次会议在北京隆重开幕。南昌市各界纷纷组织收听收看，第一时间聆听政府工作报告。今年的政府工作报告依旧“干货”满满，提出的多项发展经济和保障民生政策，让大家对未来充满了信心和干劲。​展开c,南昌广播电视台,2分钟前 来自微博视频号,https://weibo.com/3274822530?refer_flag=1001030103_
【#两会民生热词#你最关心__？】随着#2022全国两会#的召开，网友们的线上建议也多了起来。大数据挖掘发现，在“家庭”话题中，“双减”最牵动80后和90后的心；而在讨论“收入”时，“共同富裕”名列前茅。家庭、收入、就业、公平、养老……说说你最关注哪一个？#两会问问看##两会知识点#​展开c,西乡法院,2分钟前 来自微博视频号,https://weibo.com/3729292885?refer_flag=1001030103_
#启航春天里##关注2022两会#【连玉明委员：推动冰雪产业持续“热”下去】全国政协委员、北京国际城市发展研究院院长连玉明接受检察日报记者采访时表示，北京作为全球首个既举办夏奥会又举办冬奥会的“双奥之城”，两个奥运会的筹备举办给北京留下了丰厚遗产。要推动冰雪产业持续“热”下去，形成北京实​展开c,福建新闻广播fm1036,2分钟前 来自微博weibo.com,https://weibo.com/1685262231?refer_flag=1001030103_
时政两会说丨话民族团结创美好生活——总书记同全国人大代表共商国是O时政两会说丨话民族团结创美好生活——总书记同全国人大代表共商国是​,华龙网新闻,2分钟前 来自微博weibo.com,https://weibo.com/1805672931?refer_flag=1001030103_
//@Yusiaini:黑公关产业链催生的黑水军、黑流量对新媒体时代网络舆情的负面影响十分可怕！可以在短时间内制造舆情混乱，混淆是非黑白，误导民众情绪，制造社会分裂。尤其是幕后金主和运营机构，更应该从根源上严厉打击，彻底肃清！#建议加大网络暴力处罚力度##集中打击黑公关##全国两会#,夏曰风格,2分钟前 来自iPhone客户端,https://weibo.com/6616718093?refer_flag=1001030103_
【成都今年新启动30个片区更新完成老旧小区改造601个】3月5日提请十三届全国人大五次会议审议的政府工作报告中提到，切实保障和改善民生，加强和创新社会治理。在北京，出席全国两会的代表、委员，关注民生问题，热议民生话题；在成都，我们寻找民生变化，倾听幸福故事，共叙美好希望。#成都#详见：​展开c,成都市政府门户网站,2分钟前 来自HUAWEIP30,https://weibo.com/2107066505?refer_flag=1001030103_
【全国政协十三届五次会议首场“委员通道”开启】#两会看公安#,葫芦岛南票公安,2分钟前 来自iPhone客户端,https://weibo.com/2118750521?refer_flag=1001030103_
与你有关！政府工作报告里的民生好消息！#2022全国两会@DOU+小助手L想吃大肉丸子了的微博视频​,想吃大肉丸子了,2分钟前 来自微博视频号,https://weibo.com/7720347905?refer_flag=1001030103_
发布了头条文章：《镇远：开展全国“两会”安保和出国（边）境涉诈人员劝返工作督导检查》O镇远：开展全国“两会”安保和出国（边）境涉诈人员劝返工作督导检查​,黔东南网警巡查执法,2分钟前 来自微博weibo.com,https://weibo.com/5260962981?refer_flag=1001030103_
#全国两会#【委员谈#冰墩墩雪容融成爆款是因审美自信#】全国政协委员、中国美术家协会主席范迪安认为，从冬奥会开闭幕式的中国式浪漫到“顶流”冰墩墩雪容融，都体现从容的文化自信。冰墩墩不仅视觉可爱，还与大众有情感交流；雪容融色彩温暖，与残疾人运动员有情感默契。对它们的喜爱，源于对民族审美​展开c,共青团大东区委,2分钟前,https://weibo.com/2362868637?refer_flag=1001030103_
时政两会说丨话民族团结创美好生活——总书记同全国人大代表共商国是O时政两会说丨话民族团结创美好生活——总书记同全国人大代表共商国是​,贵阳网,2分钟前 来自微博weibo.com,https://weibo.com/3740356007?refer_flag=1001030103_
#全国两会#【委员谈#冰墩墩雪容融成爆款是因审美自信#】全国政协委员、中国美术家协会主席范迪安认为，从冬奥会开闭幕式的中国式浪漫到“顶流”冰墩墩雪容融，都体现从容的文化自信。冰墩墩不仅视觉可爱，还与大众有情感交流；雪容融色彩温暖，与残疾人运动员有情感默契。对它们的喜爱，源于对民族审美​展开c,人民政协网,2分钟前 来自微博视频号,https://weibo.com/7615661091?refer_flag=1001030103_
【#两会京喜#①丨“绿色”烟火】大象新闻记者推出系列短视频第一期《两会有“京”喜丨“绿色”烟火》，结合全国两会政府工作报告中的热词“绿色低碳发展”，连接北京和河南，记者在鸟巢体育场的冬残奥会烟花中出镜，介绍这场盛会中河南的绿色低碳元素，并结合河南“十大战略”，讲述河南绿色低碳做出​展开c,猛犸新闻,2分钟前 来自微博视频号,https://weibo.com/1672519561?refer_flag=1001030103_
#2022全国两会热议##建议让全职太太先生成合法职业#没有建议可以不提。。。。不考虑国家发展状况吗？以人为本不考虑人的劣根性吗？还有就是烦请代表有空的时候基层农村走一走，醒过来了再开会​,小明没有心,3分钟前 来自荣耀9X,https://weibo.com/6463906792?refer_flag=1001030103_
【#俞敏洪建议从国家层面重视青少年抑郁#等精神困惑问题】在2022年的全国两会上，全国政协委员、新东方教育科技集团董事长俞敏洪在一份《关于重视青少年抑郁预防和治疗的建议》中，呼吁从减轻学生课业负担、鼓励公益慈善组织牵头构建精神疾病疗愈第三系统——社会支持系统、重视学校心理老师专业​展开c,新京报,3分钟前 来自微博视频号,https://weibo.com/1644114654?refer_flag=1001030103_
2022全国两会全面开启，快来参加@新华网#两会知识点#pk赛，一起关注两会！点击链接测一测你的两会知识水平怎么样~O网页链接​,别怕有我们在K,3分钟前 来自微博答题,https://weibo.com/7415643781?refer_flag=1001030103_
【十三届全国人大五次会议新闻发布会侧记】#两会看公安#,葫芦岛南票公安,3分钟前 来自iPhone客户端,https://weibo.com/2118750521?refer_flag=1001030103_
#2022看两会热议#【人大代表称#教育的两大根本问题是公平与质量#】在2022年国务院工作任务中，“促进教育公平与质量提升”成为教育工作的主要任务。南方周末记者梳理以往的政府工作报告发现，关于教育，从2015年起至今，“公平”与“质量”两个关键词始终贯穿。“这说明当前中国教育要解决的两大根本问​展开c,南方周末,3分钟前 来自微博weibo.com,https://weibo.com/1639498782?refer_flag=1001030103_
#两会ing#【王秀兰：筑牢国家西部生态安全屏障】甘肃省武威市是全国荒漠化、沙漠化最严重的地区之一，生态环境脆弱，生态地位极为重要。全国人大代表、甘肃省武威市凉州区高坝镇蜻蜓村妇联主席王秀兰建议从政策、项目、资金等方面加大对武威市防沙治沙工作的支持力度，加快推进沙化土地治理，筑牢国家​展开c,最高人民检察院,3分钟前 来自微博weibo.com,https://weibo.com/5053469079?refer_flag=1001030103_
【数读报告！#17个数字了解2022中国KPI#】①国内生产总值增长5.5%左右；②城镇新增就业1100万人以上；③居民医保和基本公共卫生服务经费人均财政补助标准分别再提高30元和5元…#2022中国KPI#↓↓收藏，了解！#全国两会#​​​,李蓉20000,3分钟前 来自iPhone客户端,https://weibo.com/1400746110?refer_flag=1001030103_
2022年中国经济稳字当头，下面聊聊2022政府工作报告，如有不对请指正一、全年GDP增速5.5%为近20年新低（除2020年因为疫情影响）二、城镇新增就业1100万人以上（就业有点不足预计今年大学应届毕业生超千万）三、居民消费价格涨幅3%左右（2021年cpi增长0.9%出现轻微通货紧缩，国内促消费2022压力不小​展开c,A股财哥解盘V,3分钟前,https://weibo.com/6861351941?refer_flag=1001030103_
👏两会！退税！减税！2.5万亿元！#全国两会##政府工作报告#​,99企帮,3分钟前 来自iPhone客户端,https://weibo.com/6426827088?refer_flag=1001030103_
//@仰天长啸2013:一带一路22国驻华外交官参观考察广东云联惠总部#中央纪检委##共青团中央##人民日报#肖战#全国两会#明日方舟#政府工作报告##我请党代表捎句话##以案说法#@国家发展改革委@人民日报@新华日报@法治日报@光明日报,仰天长啸2013,3分钟前 来自OPPOA7x,https://weibo.com/7347189471?refer_flag=1001030103_
#全国两会##两会#『XR看报告：绘景未来-新华网』OXR看报告：绘景未来​,中国金县,3分钟前 来自HUAWEIMate20Pro,https://weibo.com/2734201800?refer_flag=1001030103_
【全国两会·贵州影像|《春满人间》征集令】值此2022年全国两会召开之际，在中共贵州省委网络安全和信息化委员会办公室的指导下，多彩贵州网、多彩云推出“新征程‘多彩贵州有多彩’”网络文化传播活动《春满人间》主题策划，记录贵州各地春天奋进的步伐，定格春天的瞬间，一览贵州长卷。现面​展开c,遵义发布,3分钟前,https://weibo.com/5521606430?refer_flag=1001030103_
#两会ing#【李小莉代表：加快充电桩建设，增强新能源汽车市场竞争力】全国人大代表，安徽省合肥市肥东县总工会兼职副主席，合肥丰华汽车零部件有限公司调度员李小莉接受记者采访时呼吁，相关部门应出台政策，在更多公共场地建设新能源汽车充电桩，并开辟新能源汽车专用停车场。同时，统筹充电桩规划布​展开c,正义网,3分钟前 来自微博weibo.com,https://weibo.com/1896650227?refer_flag=1001030103_
2022全国两会全面开启，快来参加@新华网#两会知识点#pk赛，一起关注两会！点击链接测一测你的两会知识水平怎么样~O网页链接​,2021四级必过,3分钟前 来自微博答题,https://weibo.com/5899654532?refer_flag=1001030103_
【数读报告！#17个数字了解2022中国KPI#】①国内生产总值增长5.5%左右；②城镇新增就业1100万人以上；③居民医保和基本公共卫生服务经费人均财政补助标准分别再提高30元和5元…#2022中国KPI#↓↓收藏，了解！#全国两会#​​​,平衡人生达人,3分钟前 来自iPhone客户端,https://weibo.com/2346396564?refer_flag=1001030103_
#两会看公安#【“云”探访公安系统全国人大代表】,葫芦岛南票公安,3分钟前 来自iPhone客户端,https://weibo.com/2118750521?refer_flag=1001030103_
时政两会说丨话民族团结创美好生活——总书记同全国人大代表共商国是O时政两会说丨话民族团结创美好生活——总书记同全国人大代表共商国是​,山西之窗-黄河新闻网,3分钟前 来自微博weibo.com,https://weibo.com/6815058130?refer_flag=1001030103_
#全国两会##2022年《政府工作报告》#【最全！一图读懂《2022年政府工作报告》】最全版来啦！2022年《政府工作报告》一图全读懂，快些收藏！​​​​,旌德公安交警在线,4分钟前 来自iPhone客户端,https://weibo.com/2698005720?refer_flag=1001030103_
【工信部部长肖亚庆:#今年新能源汽车销量可能大幅超预期#】3月5日，工信部部长肖亚庆在全国两会上接受记者专访时表示，今年1月和2月我国新能源汽车销售情况非常好，均增长了一倍多，预计今年会实现预期目标，可能会大幅超出预期目标。5日提请审议的政府工作报告指出，继续支持新能源汽车消费，鼓励地​展开c,奇点财经,4分钟前 来自微博视频号,https://weibo.com/5821241824?refer_flag=1001030103_
#2022关注全国两会#【全国人大代表杨雪梅：#建议加快出台盲盒市场管理办法#】盲盒是当下流行的新兴商品，但过度消费、恶意浪费、炒作与投机行为时有发生，产品质量难以保障，假劣、“三无”产品时有出现。全国人大代表、黄河科技学院校长杨雪梅呼吁，加快出台规范盲盒市场行为的管理办法。明确盲盒的​展开c,北京广播,4分钟前 来自HUAWEIP40Pro+5G,https://weibo.com/1905653985?refer_flag=1001030103_
时政两会说丨话民族团结创美好生活——总书记同全国人大代表共商国是O时政两会说丨话民族团结创美好生活——总书记同全国人大代表共商国是​,山西新闻网,4分钟前 来自微博weibo.com,https://weibo.com/2169891005?refer_flag=1001030103_
2022全国两会全面开启，快来参加@新华网#两会知识点#pk赛，一起关注两会！点击链接测一测你的两会知识水平怎么样~O网页链接​,TNT的盒子同学,4分钟前 来自微博答题,https://weibo.com/6195462761?refer_flag=1001030103_
#习近平5次参加内蒙古代表团审议#【第一观察|5次参加内蒙古代表团审议，总书记讲话贯穿这个主题】3月5日，习近平总书记参加内蒙古代表团审议。习近平总书记5次参加内蒙古代表团审议时的重要讲话，既为内蒙古的发展指引方向，也贯穿着推进民族地区、欠发达地区补齐短板、共同奋斗、共同发展的主题。详​展开c,河北新闻联播,4分钟前 来自iPhone客户端,https://weibo.com/5582931309?refer_flag=1001030103_
最全！一图读懂2022年《政府工作报告》#全国两会##政府工作报告#​,西安人社,4分钟前 来自iPhone,https://weibo.com/2823625884?refer_flag=1001030103_
【数读报告！#17个数字了解2022中国KPI#】①国内生产总值增长5.5%左右；②城镇新增就业1100万人以上；③居民医保和基本公共卫生服务经费人均财政补助标准分别再提高30元和5元…#2022中国KPI#↓↓收藏，了解！#全国两会#​​​,以帽取人HD,4分钟前 来自iPhone客户端,https://weibo.com/2598976311?refer_flag=1001030103_
【全国政协委员#建议全职太太全职先生成合法职业#，享受工龄累计、社保等待遇】#周刊君带你看两会#全国两会期间，全国政协委员、广西壮族自治区柳州市人民检察院副检察长韦震玲提交提案，建议建立家庭全职服务成员职业权利保障制度，维护家庭全职服务成员的合法权益。她认为，因特殊事由、特殊时期​展开c,中国新闻周刊,4分钟前 来自微博视频号,https://weibo.com/1642512402?refer_flag=1001030103_
#2022年全国两会#【转发学习！#极简版政府工作报告来了#！】详情戳下图↓↓↓​,海盐检察,4分钟前 来自新版微博weibo.com,https://weibo.com/2832709854?refer_flag=1001030103_
【全国政协委员张俊廷：#建议第三孩免费上幼儿园#】关于三孩政策背景下如何提高生育意愿，全国政协委员、首都医科大学附属北京天坛医院神经外科主任医师张俊廷十分关切。他在接受北京青年报记者采访时表示，目前国家放开三孩，虽然有了政策，但是很多年轻人生育率还是不高，张俊廷关注到，其中的困难之​展开c,武汉新闻,4分钟前 来自新版微博weibo.com,https://weibo.com/2913232887?refer_flag=1001030103_
2022全国两会全面开启，快来参加@新华网#两会知识点#pk赛，一起关注两会！点击链接测一测你的两会知识水平怎么样~O网页链接​,粉兰46557,4分钟前 来自微博答题,https://weibo.com/5428983593?refer_flag=1001030103_
#两会ing#【李小莉代表：加快充电桩建设，增强新能源汽车市场竞争力】全国人大代表，安徽省合肥市肥东县总工会兼职副主席，合肥丰华汽车零部件有限公司调度员李小莉接受记者采访时呼吁，相关部门应出台政策，在更多公共场地建设新能源汽车充电桩，并开辟新能源汽车专用停车场。同时，统筹充电桩规划布​展开c,检察日报,4分钟前 来自微博weibo.com,https://weibo.com/3183107112?refer_flag=1001030103_
【数读报告！#17个数字了解2022中国KPI#】#2022中国KPI#↓↓收藏，了解！#全国两会#​​​,安阳市第三十六中学,4分钟前 来自荣耀10AI变色更潮美,https://weibo.com/5117032725?refer_flag=1001030103_
奋斗吧，中国！（2022全国两会特别版）O奋斗吧，中国！（2022全国两会特别版）​,h心静如水j,4分钟前 来自学习强国客户端,https://weibo.com/2478672397?refer_flag=1001030103_
【#民在甲骨文中的解释你可能想不到#】#看两会字有深意#随着社会发展，“民”字的写法有所演化，“民”的地位也发生了翻天覆地的变化。2022年政府工作报告指出，过去的一年，人民生活水平稳步提高，居民人均可支配收入实际增长8.1%。人民当家作主；为民服务；国泰民安；江山就是人民，人民就是江山……​展开c,成都检察,4分钟前 来自微博视频号,https://weibo.com/3549848900?refer_flag=1001030103_
2022全国两会全面开启，快来参加@新华网#两会知识点#pk赛，一起关注两会！点击链接测一测你的两会知识水平怎么样~O网页链接​,黏人喵喵吖,4分钟前 来自微博答题,https://weibo.com/6266649019?refer_flag=1001030103_
#全国两会2022#【攻坚克难砥砺奋进——从政府工作报告看#2022年中国发展新走向#】2022年，是党和国家事业发展进程中十分重要的一年，是党的二十大召开之年。中国的“两会时间”将向世界铺展怎样的发展新图景？5日提请十三届全国人大五次会议审议的政府工作报告，提出一系列新目标新部署，传递出中国经​展开c,新华社,4分钟前 来自微博weibo.com,https://weibo.com/1699432410?refer_flag=1001030103_
#建议加大网络暴力处罚力度##代表建议对反网络暴力专项立法##全国两会##两会ing#中国政法大学民商经济法学院教授王涌老师谈及从2021年8月份的张姓演员事件看法治，中国是法治国家，实行依法治国，王涌教授从“事实问题”“法律问题”“政治问题”三方面分析2021年是8月事件的真相。张氏母子至今仍经历​展开c,红颜画倾城,4分钟前 来自张哲瀚好运Android,https://weibo.com/5395225557?refer_flag=1001030103_
与你有关！政府工作报告里的民生好消息！#全国两会##政府工作报告#​,西安人社,5分钟前 来自iPhone,https://weibo.com/2823625884?refer_flag=1001030103_
#微观两会#【全国政协委员：#建议80岁以上高龄老人均享受高龄津贴#】“七普”数据显示，我国八十周岁以上人口已达3580万人，人口老龄化的进程仍在加速。为此，全国政协委员、九三学社中央委员、浙江工业大学教授盛颂恩建议从国家层面扩大高龄津贴享受范围，将政策修改为八十周岁以上高龄老人均享受高​展开c,中国新闻社,5分钟前 来自微博weibo.com,https://weibo.com/3604378011?refer_flag=1001030103_
【#两会京喜#①丨“绿色”烟火】大象新闻记者推出系列短视频第一期《两会有“京”喜丨“绿色”烟火》，结合全国两会政府工作报告中的热词“绿色低碳发展”，连接北京和河南，记者在鸟巢体育场的冬残奥会烟花中出镜，介绍这场盛会中河南的绿色低碳元素，并结合河南“十大战略”，讲述河南绿色低碳做出​展开c,晓辉在路上,5分钟前 来自微博视频号,https://weibo.com/2010313647?refer_flag=1001030103_
//@今日剑川:#全国两会上的云南声音#【云南省代表团举行全体会议审议政府工作报告郭声琨参加审议并发言王宁主持陈豪阮成发王予波等参加】3月5日下午，出席十三届全国人大五次会议的云南省代表团举行全体会议，审议李克强总理代表国务院所作的政府工作报告。#全国两会##两会政在说#​​​,魅力剑川_今日金华,5分钟前 来自RedmiK40游戏版,https://weibo.com/5577881597?refer_flag=1001030103_
发布了头条文章：《在学习贯彻两会精神座谈会上的讲话（范文）》#全国两会##学习两会精神#O在学习贯彻两会精神座谈会上的讲话（范文）​,文书写手,5分钟前 来自微博weibo.com,https://weibo.com/6615224956?refer_flag=1001030103_
#声聚两会#【孔发龙代表：#建议成立国家级元宇宙研发机构#】全国人大代表、江西省农村信用社联合社党委书记、理事长孔发龙建议，成立国家级“元宇宙”研发机构，加大资金、人才和激励支持力度，重点攻坚芯片、区块链、地理空间、交互算法、感知显示、图像引擎、3D环境生成等“元宇宙”基础底层技术和​展开c,中国网直播,5分钟前 来自HUAWEIP40Pro5G,https://weibo.com/1884488621?refer_flag=1001030103_
时政两会说丨话民族团结创美好生活——总书记同全国人大代表共商国是O时政两会说丨话民族团结创美好生活——总书记同全国人大代表共商国是2铁岭​,铁岭县融媒体中心,5分钟前 来自iPhone客户端,https://weibo.com/5908164654?refer_flag=1001030103_
#两会ing#【刘亚声代表：网络空间也要有法治保障】全国人大代表、内蒙古自治区兴安盟中心血站医生刘亚声表示，犯罪分子利用非法获取的公民个人信息注册手机卡、银行卡，作为诈骗犯罪的基础工具。身边的人包括我自己都接到过诈骗电话或短信。网络不是法外之地，网络空间也要有法治保障。检察机关全链条​展开c,建德检察,5分钟前 来自微博视频号,https://weibo.com/5182163938?refer_flag=1001030103_
#新华网带你看两会#【基层代表的履职手账|#老雷锋车手的驻村新使命#】“给人民办事，是作为一名全国人大代表的职责所在。”权太琦说。当雷锋车手的这些年，让她落下了“职业病”，“干一行爱一行钻一行”的雷锋精神已经成为“职业病”，让她在新使命中展现新作为。（@新华网）L新华网的微博视频​展开c,昆明市西山区发布,5分钟前 来自微博视频号,https://weibo.com/3846489597?refer_flag=1001030103_
2022全国两会全面开启，快来参加@新华网#两会知识点#pk赛，一起关注两会！点击链接测一测你的两会知识水平怎么样~O网页链接​,晗晗要努力,5分钟前 来自微博答题,https://weibo.com/5478909847?refer_flag=1001030103_
#两会看公安#【全国人大代表郝世玲：老百姓的事都是大事】近日，记者来到陕西省西安市民航社区“郝世玲警务室”。等了一会儿，全国人大代表、西安市公安局莲湖分局劳动南路派出所社区民警郝世玲一路小跑地回来：“疫情期间派发慰问品，社区工作人员漏掉了709楼3单元的一户，这不，又给我打电话了。”​展开c,人民公安报,5分钟前 来自微博weibo.com,https://weibo.com/5140353001?refer_flag=1001030103_
发布了头条文章：《全国“两会”期间安全生产工作要点》O全国“两会”期间安全生产工作要点​,你会明白jj,5分钟前 来自微博weibo.com,https://weibo.com/6156608641?refer_flag=1001030103_
#甘肃发布两会关注##踔厉奋发新陇原#【甘肃代表团审议政府工作报告，杨晓渡尹弘任振鹤等参加】出席十三届全国人大五次会议的甘肃代表团3月5日下午在驻地举行全体会议，审议李克强总理所作的政府工作报告。代表们认为，报告以习近平新时代中国特色社会主义思想为指导，全面贯彻党的十九大、十九届历次​展开c,甘肃发布,5分钟前 来自微博weibo.com,https://weibo.com/1937187173?refer_flag=1001030103_
#多彩贵州相约2022##多彩妹看两会#【全国两会·百姓有问“提”我们能为“无废城市”做些什么？】人大代表、政协委员，都是人民群众的“代言人”。一年一度的全国两会拉开帷幕，多彩贵州网搭建了一座沟通的“桥梁”：即日起，邀请贵州省全国人大代表、住黔全国政协委员，回答网友关于乡村振兴、​展开c,多彩贵州网,5分钟前 来自iPhone13ProMax,https://weibo.com/1960601312?refer_flag=1001030103_
【数读报告！#17个数字了解2022中国KPI#】①国内生产总值增长5.5%左右；②城镇新增就业1100万人以上；③居民医保和基本公共卫生服务经费人均财政补助标准分别再提高30元和5元…#2022中国KPI#↓↓收藏，了解！#全国两会#​​​​,六安裕安检察,5分钟前 来自微博weibo.com,https://weibo.com/5121478758?refer_flag=1001030103_
退伍军人冷水照依法揭露——南阳监狱打残犯人——左眼失明#全国两会#@人民网O网页链接​O网页链接​​​O网页链接​​​O网页链接​​​O网页链接​​​O网页链接​,冷水照曝光南阳监狱,5分钟前 来自小米5X拍人更美,https://weibo.com/5822222813?refer_flag=1001030103_
#2022年全国两会#【H5|奋进中国，大美江西】东方风暖，春意盎然！中国进入2022“两会时间”。（来源：江西日报、赣鄱云）O网页链接​,新法制报,5分钟前 来自360安全浏览器,https://weibo.com/1764451837?refer_flag=1001030103_
【#民在甲骨文中的解释你可能想不到#】随着社会发展，“民”字的写法有所演化，“民”的地位也发生了翻天覆地的变化。2022年政府工作报告指出，过去的一年，人民生活水平稳步提高，居民人均可支配收入实际增长8.1%。人民当家作主；为民服务；国泰民安；江山就是人民，人民就是江山……“民”字，始终贯​展开c,绿色青浦,5分钟前 来自微博视频号,https://weibo.com/2651262981?refer_flag=1001030103_
"//@云联大爱198211://@龟兹仙子://@乐观寸草心://@Z有梦有坚持Y:#三月第一天##早上好,加油#//@泰山枯溪://@乐观寸草心://@Z有梦有坚持Y:大家新周愉快微博互动尽量#全国两会#",以百姓心为选人用人的标准,5分钟前 来自搜狗高速浏览器,https://weibo.com/5578989821?refer_flag=1001030103_
#两会ing#【刘亚声代表：网络空间也要有法治保障】全国人大代表、内蒙古自治区兴安盟中心血站医生刘亚声表示，犯罪分子利用非法获取的公民个人信息注册手机卡、银行卡，作为诈骗犯罪的基础工具。身边的人包括我自己都接到过诈骗电话或短信。网络不是法外之地，网络空间也要有法治保障。检察机关全链条​展开c,遂川政法,5分钟前 来自微博视频号,https://weibo.com/3361952722?refer_flag=1001030103_
2022全国两会全面开启，快来参加@新华网#两会知识点#pk赛，一起关注两会！点击链接测一测你的两会知识水平怎么样~O网页链接​,nicoleileii,5分钟前 来自微博答题,https://weibo.com/2033679153?refer_flag=1001030103_
#2022全国两会#一图速览2022年《政府工作报告》，这些亮点与你息息相关O一图速览2022年《政府工作报告》，这些亮点与你息息相关→​,万载发布,6分钟前 来自HUAWEIMate30Pro5G,https://weibo.com/5181528164?refer_flag=1001030103_
//@国家电网报:全国两会都关注啥？听“95后”怎么说！,国网曲阳县供电公司,6分钟前 来自iPhone客户端,https://weibo.com/7725302004?refer_flag=1001030103_
2022全国两会全面开启，快来参加@新华网#两会知识点#pk赛，一起关注两会！点击链接测一测你的两会知识水平怎么样~O网页链接​,楠瓜站长爱榴莲,6分钟前 来自微博答题,https://weibo.com/5835845929?refer_flag=1001030103_
#两会#【#2022年中国这样干#加油！】​​​@央视新闻#2022全国两会看河北#​,河北广播电视台,6分钟前 来自iPhoneX,https://weibo.com/3229916011?refer_flag=1001030103_
#建议深挖购买黑公关的企业和个人##建议从法律层面给网暴划红线#社会信息的流转速度越来越快，网络正在全面的融入到经济社会，消费生活等各个范畴。当前国际形势波谲云诡，未来战争更是一场网络空间战。加强网络生态治理，加快互联网法治建设，严打网络黑恶势力，维护社会的安定团结。#全国两会#​展开c,三江水3,6分钟前 来自OPPOFindX3Pro,https://weibo.com/7570919261?refer_flag=1001030103_
//@ty夜猫856:#全国两会##中国台湾##海峡两岸##两会##两岸同胞同唱一首歌#//@ty夜猫856:台湾是中国领土，不允许任何国家干涉中国内政。台湾人民不欢迎战争贩子和民族败类！,湖南省永兴县郭海文3,6分钟前 来自HUAWEIP30,https://weibo.com/7672282971?refer_flag=1001030103_
//@国家电网报:连麦两会|全国人大常委吉狄马加：绿电亮冬奥，体现国家电网胸怀“,国网曲阳县供电公司,6分钟前 来自iPhone客户端,https://weibo.com/7725302004?refer_flag=1001030103_
【#两会京喜#①丨“绿色”烟火】大象新闻记者推出系列短视频第一期《两会有“京”喜丨“绿色”烟火》，结合全国两会政府工作报告中的热词“绿色低碳发展”，连接北京和河南，记者在鸟巢体育场的冬残奥会烟花中出镜，介绍这场盛会中河南的绿色低碳元素，并结合河南“十大战略”，讲述河南绿色低碳做出​展开c,河南法治频道,6分钟前 来自微博视频号,https://weibo.com/1710226151?refer_flag=1001030103_
#全国两会上海声音#O最全！一图读懂2022年《政府工作报告》​,Zi妞,6分钟前 来自小米11,https://weibo.com/2234342825?refer_flag=1001030103_
#宜车微视角#【全国政协委员黄改荣：#建议每月给职工放两天陪伴父母假#】#2022全国两会#据第七次全国人口普查数据，我国60岁及以上人口达到了2.64亿，占全国人口的18.7%。全国政协委员、河南省人民医院老年医学科主任黄改荣建议：每月给职工放两天“陪伴父母假”，以及从教育、社区等方面做起，多举措​展开c,南铁宜春车务段,6分钟前 来自微博视频号,https://weibo.com/2619396720?refer_flag=1001030103_
#全国两会##政府工作报告20题#乡村振兴、医疗、就业、居民消费，政府工作报告里的这些重要内容，小“火”伴们了解多少呢？快收好这份测试题，一起来测试一下吧！（图片来源：央视新闻）​,河南农业大学机电工程学院,6分钟前 来自OPPOA725G,https://weibo.com/2245584801?refer_flag=1001030103_
#我对春天许个愿##2022全国两会#,河南都市爆料,6分钟前 来自HUAWEInova手机,https://weibo.com/7298319279?refer_flag=1001030103_
#全国两会观察#【全国政协委员王丽萍：#建议旧口罩纳入垃圾分类管理#】疫情防控常态化下，废旧口罩数量激增，如处理方式不当，有造成环境污染、病毒传播的隐患。全国政协委员王丽萍建议：尽快制定关于废弃口罩管理的专项规定，构建日常废弃口罩回收和集中处置体系。鼓励推动口罩生产企业加强研发可降​展开c,经济观察报,6分钟前,https://weibo.com/1641561812?refer_flag=1001030103_
#建议第三孩免费上幼儿园#网友：能生的家长，还在乎上幼儿园的钱吗？不生的家长，还差上幼儿园的钱吗？#全国两会#​,中国刘杰,6分钟前 来自微博weibo.com,https://weibo.com/1600463082?refer_flag=1001030103_
#全国两会上海声音#政府工作报告极简版来了！一图速览，事关住房、教育、就业……O政府工作报告极简版来了！一图速览，事关住房、教育、就业……​,nrl24,6分钟前 来自iPhone客户端,https://weibo.com/7036332461?refer_flag=1001030103_
#2022两会声音#【孔发龙代表：#建议成立国家级元宇宙研发机构#】全国人大代表、江西省农村信用社联合社党委书记、理事长孔发龙建议，成立国家级“元宇宙”研发机构，加大资金、人才和激励支持力度，重点攻坚芯片、区块链、地理空间、交互算法、感知显示、图像引擎、3D环境生成等“元宇宙”基础底层技​展开c,科技日报,6分钟前 来自微博weibo.com,https://weibo.com/3515639462?refer_flag=1001030103_
//@唐山长安网:#全国两会#人大代表#建议鼓励生育要进一步为家长减负#,法治乐亭,6分钟前 来自HUAWEIP30,https://weibo.com/6617584686?refer_flag=1001030103_
#关注2022全国两会#这些个挖空心思吃女人的男代表是选来凑数的吗？​,周梦川zhou,6分钟前 来自HUAWEIP40Pro+5G,https://weibo.com/3213547325?refer_flag=1001030103_
#聚焦两会#【徐景坤委员：#建议硕士研究生招生改为申请制#】全国政协委员徐景坤表示，现行硕士研究生招生模式录取方式较单一，仍是唯分数论，且报考硕士研究生的考生只能选择一所志愿学校，对考生风险极大也不公平。建议将硕士研究生招生考试模式改为申请审核制。设立各学科专业等级考试，由国家按照一​展开c,新闻大连,6分钟前 来自新版微博weibo.com,https://weibo.com/2622056220?refer_flag=1001030103_
#2022关注全国两会#【代表委员“开箱”记｜#我把特效药的药盒带到北京#】全国政协委员杜丽群，今年带了一个治疗罕见病脊髓性肌萎缩症的“特效药”药盒到北京，此药2021年年底被纳入国家医保，价格从70万元一支降到了现在的3.3万元。杜丽群对罕见病关注已久，面对罕见病存在着高误诊、高漏诊、用药难的​展开c,北京广播,6分钟前 来自微博视频号,https://weibo.com/1905653985?refer_flag=1001030103_
【#代表建议春节放假10天清明放5天#】“#春天的约定习习春风润草原#春节假期7天，除去路上奔波的时间，也没几天好好与家人团聚、走亲访友。”今年两会期间，多位全国人大代表建议，将春节、清明等中国传统节日假期延长，不仅能平缓交通压力，拉动内需，更能彰显对传统文化的重视。全国人大代表吉桂凤​展开c,北疆女声,6分钟前 来自HarmonyOS设备,https://weibo.com/5888410717?refer_flag=1001030103_
【#两会京喜#①丨“绿色”烟火】大象新闻记者推出系列短视频第一期《两会有“京”喜丨“绿色”烟火》，结合全国两会政府工作报告中的热词“绿色低碳发展”，连接北京和河南，记者在鸟巢体育场的冬残奥会烟花中出镜，介绍这场盛会中河南的绿色低碳元素，并结合河南“十大战略”，讲述河南绿色低碳做出​展开c,河南交通广播,7分钟前 来自微博视频号,https://weibo.com/1732802301?refer_flag=1001030103_
【家教行业乱象迭出？政协委员#建议双减之后规范家教行业#】“大家一面倒地都在说要像谷爱凌妈妈，但如何做好家长，并没有一个放之四海而皆准的标准”，凤凰两会对话全国政协委员胡卫，他表示当下家庭教育指导需求持续升温，家教培训市场出现了一些乱象，各类培训机构自行颁发的培训证书不计其数。“双​展开c,遂川政法,7分钟前 来自微博视频号,https://weibo.com/3361952722?refer_flag=1001030103_
十三届全国人大五次会议在京开幕#全国两会##政府工作报告#O网页链接​,西安人社,7分钟前 来自iPhone,https://weibo.com/2823625884?refer_flag=1001030103_
发布了头条文章：《在学习贯彻两会精神座谈会上的讲话（范文）》#全国两会##学习两会精神#O在学习贯彻两会精神座谈会上的讲话（范文）​,文秘公社,7分钟前 来自微博weibo.com,https://weibo.com/6867621964?refer_flag=1001030103_
#关注2022全国两会#好代表见识了不少，缺乏民生实践的空想型代表也有几个让我无语😓​,易尚鹿,7分钟前 来自小米10,https://weibo.com/6535895007?refer_flag=1001030103_
【习近平提及“大鹏之动”“骐骥之速”有何深意？】#习言道#历年全国两会，习近平总书记与代表委员共商国是时，常引用诗词典故。“大鹏之动，非一羽之轻也；骐骥之速，非一足之力也”意有何指？在华裔小记者的诵读声中，跟总书记学习巧用古籍典故，你学到了吗？L中国新闻网的微博视频​,中国新闻网,7分钟前 来自微博视频号,https://weibo.com/1784473157?refer_flag=1001030103_
#2022全国两会看河南#【两会云访谈——科技创新如何为黄河流域生态保护和高质量发展服务？】在本期的云访谈中，对于问题：科技创新如何为黄河流域生态保护和高质量发展服务？全国政协委员马珺回答到：“今年全国两会，好几位代表委员都围绕黄河流域生态保护和高质量发展提交了重磅意见和建议。我们省​展开c,河南广播电视台新闻中心,7分钟前 来自微博视频号,https://weibo.com/3214879741?refer_flag=1001030103_
#2022年全国两会#【振奋人心！总理报告里的江西机遇有哪些？速看！】今天，备受瞩目的政府工作报告终于亮相，在总理的这份沉甸甸报告里蕴含着丰富的“江西机遇”，拿起放大镜，我们一起来看看↓↓↓（来源：大江网/大江新闻客户端）O振奋人心！总理报告里的江西机遇有哪些？速看！​,新法制报,7分钟前 来自360安全浏览器,https://weibo.com/1764451837?refer_flag=1001030103_
【#两会京喜#①丨“绿色”烟火】大象新闻记者推出系列短视频第一期《两会有“京”喜丨“绿色”烟火》，结合全国两会政府工作报告中的热词“绿色低碳发展”，连接北京和河南，记者在鸟巢体育场的冬残奥会烟花中出镜，介绍这场盛会中河南的绿色低碳元素，并结合河南“十大战略”，讲述河南绿色低碳做出​展开c,映象网,7分钟前 来自微博视频号,https://weibo.com/2027773605?refer_flag=1001030103_
《人民日报》刊发全国人大代表、山东省委书记李干杰两会声音：以创新引领发展走在前列3月6日，《人民日报》第10版以《迈出新步伐取得新成效展现新气象（两会·声音2022）》为题聚焦2022全国两会，刊发全国人大代表、山东省委书记李干杰两会声音：以创新引领发展走在前列，以下为报道全文：以创新​展开c,任城融媒,7分钟前 来自微博weibo.com,https://weibo.com/2684740401?refer_flag=1001030103_
//@Yusiaini:黑公关产业链催生的黑水军、黑流量对新媒体时代网络舆情的负面影响十分可怕！可以在短时间内制造舆情混乱，混淆是非黑白，误导民众情绪，制造社会分裂。尤其是幕后金主和运营机构，更应该从根源上严厉打击，彻底肃清！#建议加大网络暴力处罚力度##集中打击黑公关##全国两会#,七爷寻猫之旅1314,7分钟前 来自nova5z,https://weibo.com/7649109456?refer_flag=1001030103_
#两会ing#【胡成中代表：建议修改《物业管理条例》，强化业主权益保护】“实践中，很多物业企业动辄把业主视为‘管理对象’，强推‘人脸识别’等现象时有发生。建议尽快修改《物业管理条例》，强化业主权益保护。”全国人大代表、德力西集团董事局主席胡成中告诉记者，修改《物业管理条例》要明确规定​展开c,正义网,7分钟前 来自微博weibo.com,https://weibo.com/1896650227?refer_flag=1001030103_
【#两会京喜#①丨“绿色”烟火】大象新闻记者推出系列短视频第一期《两会有“京”喜丨“绿色”烟火》，结合全国两会政府工作报告中的热词“绿色低碳发展”，连接北京和河南，记者在鸟巢体育场的冬残奥会烟花中出镜，介绍这场盛会中河南的绿色低碳元素，并结合河南“十大战略”，讲述河南绿色低碳做出​展开c,河南音乐广播,7分钟前 来自iPhone客户端,https://weibo.com/1663884750?refer_flag=1001030103_
#两会ing#【高洁委员：制定公益诉讼法条件已经具备】“制定#公益诉讼#法条件已经具备，建议全国人大常委会将其列入立法计划，构建新时代中国特色社会主义公益诉讼法律体系。”全国政协委员、陕西省检察院副检察长高洁接受记者采访时呼吁。“今年政府工作报告明确提出，持续改善生态环境，推动绿色低碳​展开c,建德检察,7分钟前 来自NEX35G,https://weibo.com/5182163938?refer_flag=1001030103_
【#两会京喜#①丨“绿色”烟火】大象新闻记者推出系列短视频第一期《两会有“京”喜丨“绿色”烟火》，结合全国两会政府工作报告中的热词“绿色低碳发展”，连接北京和河南，记者在鸟巢体育场的冬残奥会烟花中出镜，介绍这场盛会中河南的绿色低碳元素，并结合河南“十大战略”，讲述河南绿色低碳做出​展开c,河南新闻广播,7分钟前 来自微博视频号,https://weibo.com/1688864597?refer_flag=1001030103_
【#两会京喜#①丨“绿色”烟火】大象新闻记者推出系列短视频第一期《两会有“京”喜丨“绿色”烟火》，结合全国两会政府工作报告中的热词“绿色低碳发展”，连接北京和河南，记者在鸟巢体育场的冬残奥会烟花中出镜，介绍这场盛会中河南的绿色低碳元素，并结合河南“十大战略”，讲述河南绿色低碳做出​展开c,河南教育广播,7分钟前 来自微博视频号,https://weibo.com/2005817001?refer_flag=1001030103_
#我对春天许个愿#【#两会京喜#①丨“绿色”烟火】大象新闻记者推出系列短视频第一期《两会有“京”喜丨“绿色”烟火》，结合全国两会政府工作报告中的热词“绿色低碳发展”，连接北京和河南，记者在鸟巢体育场的冬残奥会烟花中出镜，介绍这场盛会中河南的绿色低碳元素，并结合河南“十大战略”，讲述​展开c,都市报道,7分钟前 来自微博视频号,https://weibo.com/1708877153?refer_flag=1001030103_
#全国两会#【委员谈#冰墩墩雪容融成爆款是因审美自信#】//@青岛环保:#全国两会#【委员谈#冰墩墩雪容融成爆款是因审美自信#】,即墨环保,7分钟前 来自小米CC9Pro一亿像素,https://weibo.com/3546569522?refer_flag=1001030103_
【全国人大代表刘丽#建议将中医药适宜技术纳入社区养老服务#】全国人大代表、合肥蜀山区刘丽健康咨询中心总监刘丽建议将艾灸、按摩等中医药适宜技术纳入社区养老服务。刘丽表示：慢性病是影响社区老人健康的主要疾病，中医药适宜技术对老年疾病尤其是三类健康问题具有良好效果，也是社区群众愿意接受的​展开c,正观视频,7分钟前 来自微博视频号,https://weibo.com/7299136456?refer_flag=1001030103_
#两会热点面对面#【#经济增速预期目标怎么看#？与四位经济学家、全国政协委员面对面】,吕梁政法,7分钟前 来自搜狗高速浏览器,https://weibo.com/6526504927?refer_flag=1001030103_
#代表委员看法院#【全国人大代表张兴海：一站式建设让纠纷解决更高效】司法是纠纷化解的最后一道防线，但并非唯一渠道。近年来，面对人民群众多元高效便捷的纠纷解决需求，人民法院坚持改革创新，科学把脉时代发展，创造性提出建设一站式多元纠纷解决和诉讼服务体系，整合解纷资源、重塑诉讼格局、服务​展开c,人民法院报,7分钟前 来自微博weibo.com,https://weibo.com/3268047813?refer_flag=1001030103_
发布了头条文章：《在学习贯彻两会精神座谈会上的讲话（范文）》#全国两会##学习两会精神#O在学习贯彻两会精神座谈会上的讲话（范文）​,快写文书,7分钟前 来自微博weibo.com,https://weibo.com/5982488919?refer_flag=1001030103_
#两会ing#【胡成中代表：建议修改《物业管理条例》，强化业主权益保护】“实践中，很多物业企业动辄把业主视为‘管理对象’，强推‘人脸识别’等现象时有发生。建议尽快修改《物业管理条例》，强化业主权益保护。”全国人大代表、德力西集团董事局主席胡成中告诉记者，修改《物业管理条例》要明确规定​展开c,检察日报,7分钟前 来自微博weibo.com,https://weibo.com/3183107112?refer_flag=1001030103_
#全国两会2022#【#2022两会日程预告#】//@青岛环保:#全国两会2022#【#2022两会日程预告#】,即墨环保,7分钟前 来自小米CC9Pro一亿像素,https://weibo.com/3546569522?refer_flag=1001030103_
【#两会京喜#①丨“绿色”烟火】大象新闻记者推出系列短视频第一期《两会有“京”喜丨“绿色”烟火》，结合全国两会政府工作报告中的热词“绿色低碳发展”，连接北京和河南，记者在鸟巢体育场的冬残奥会烟花中出镜，介绍这场盛会中河南的绿色低碳元素，并结合河南“十大战略”，讲述河南绿色低碳做出​展开c,大参考,7分钟前 来自微博视频号,https://weibo.com/1924558143?refer_flag=1001030103_
【多位委员发声：#建议加大打击收买被拐儿童犯罪行为#】公安部决定，自3月1日起至12月31日开展打击拐卖妇女儿童犯罪专项行动，这也成为今年多位全国政协委员提案关注的议题。有委员表示，要去除拐卖多发地区民众的麻木心态，要让民众知晓无论是拐卖还是收买，包括阻挠解救的行为，都属于触犯刑法的犯罪​展开c,山西新闻联播,8分钟前 来自iPhone客户端,https://weibo.com/6213974274?refer_flag=1001030103_
【#两会京喜#①丨“绿色”烟火】大象新闻记者推出系列短视频第一期《两会有“京”喜丨“绿色”烟火》，结合全国两会政府工作报告中的热词“绿色低碳发展”，连接北京和河南，记者在鸟巢体育场的冬残奥会烟花中出镜，介绍这场盛会中河南的绿色低碳元素，并结合河南“十大战略”，讲述河南绿色低碳做出​展开c,都市频道,8分钟前 来自微博视频号,https://weibo.com/1630423295?refer_flag=1001030103_
#关注2022全国两会##建议立法治理网络暴力问题#这些年，网络暴力愈发严重，从明星到素人，都难逃网暴的命运，当代社会为了流量无所不用其极，人们只为了当时爽快，在匿名的网络中疯狂发泄自己的情绪。可是对于当事人的伤害却长久而难以愈合的，就像刘学州和张演员事件，一个失去了生命，一个事业拦腰折​展开c,少女Jes,8分钟前 来自iPhone13Pro,https://weibo.com/6509799519?refer_flag=1001030103_
【#两会京喜#①丨“绿色”烟火】大象新闻记者推出系列短视频第一期《两会有“京”喜丨“绿色”烟火》，结合全国两会政府工作报告中的热词“绿色低碳发展”，连接北京和河南，记者在鸟巢体育场的冬残奥会烟花中出镜，介绍这场盛会中河南的绿色低碳元素，并结合河南“十大战略”，讲述河南绿色低碳做出​展开c,河南卫视,8分钟前 来自iPhone11ProMax,https://weibo.com/1834783273?refer_flag=1001030103_
【全国两会·贵州影像】《春满人间》征集令-众望新闻客户端O【全国两会·贵州影像】《春满人间》征集令​,盘州市两河农业园区,8分钟前 来自HUAWEIMate30Pro5G,https://weibo.com/6280320449?refer_flag=1001030103_
#郑在分享##全国两会2022#【#2022两会日程预告#】3月6日，审议和讨论政府工作报告，人代会审查计划报告和预算报告。​,郑州铁路,8分钟前 来自微博weibo.com,https://weibo.com/1904469113?refer_flag=1001030103_
【#两会京喜#①丨“绿色”烟火】大象新闻记者推出系列短视频第一期《两会有“京”喜丨“绿色”烟火》，结合全国两会政府工作报告中的热词“绿色低碳发展”，连接北京和河南，记者在鸟巢体育场的冬残奥会烟花中出镜，介绍这场盛会中河南的绿色低碳元素，并结合河南“十大战略”，讲述河南绿色低碳做出​展开c,河南公共频道,8分钟前 来自微博视频号,https://weibo.com/2029700693?refer_flag=1001030103_
南国春来早，奋进正当时。为迎接全国两会召开，以独特的视觉展现壮美新广西风采，广西广播电视台新闻频道以春为媒，从3月4日起推出喜迎全国两会融媒体报道——《两会·春满广西》。今天，我们一起到柳南区的螺蛳粉小镇摸螺、种竹，感受螺蛳粉生产线上的“奋进正当时”！#柳州螺蛳粉#​展开c,广西新闻频道,8分钟前 来自微博直播平台,https://weibo.com/1966478617?refer_flag=1001030103_
【#PM2.5下降9.1％意味着什么#】#2022全国两会时间##水墨丹青看两会#《政府工作报告》里的每个数字都很重要，而这个数字的影响，你时刻都能感受到，9.1％——2021年地级及以上城市细颗粒物平均浓度下降9.1％，它的背后是空气更清新，环境更绿了，是生态环境质量持续改善。春风和煦，阳光明媚，街头巷​展开c,江苏新闻,8分钟前 来自微博视频号,https://weibo.com/1301904252?refer_flag=1001030103_
退税！减税！2.5万亿元！#全国两会##政府工作报告#​,西安人社,8分钟前 来自iPhone,https://weibo.com/2823625884?refer_flag=1001030103_
#全国两会#一图速览2022年《政府工作报告》，这些亮点与你息息相关→O网页链接​,南昌晚报,8分钟前 来自iPhone客户端,https://weibo.com/2115259662?refer_flag=1001030103_
【云瞰京津冀|第一期：牵住“牛鼻子”】2022年全国两会期间，津云新媒体与千龙网、长城新媒体策划推出《云瞰京津冀》系列访谈节目。该节目创新采用5G+MR+AR技术，打造一座“协同号”虚拟空间站，三地多位代表委员、专家学者齐聚“协同号”，云瞰京津冀协同发展上升为国家战略8年来的丰硕成果。节目首​展开c,网信滨海,8分钟前 来自新版微博weibo.com,https://weibo.com/6405113880?refer_flag=1001030103_
【#冰墩墩雪容融成爆款因审美自信#】全国政协委员、中国美术家协会主席范迪安认为，从冬奥会开闭幕式的中国式浪漫到“顶流”冰墩墩雪容融，都体现从容的文化自信。冰墩墩不仅视觉可爱，还与大众有情感交流；雪容融色彩温暖，与残疾人运动员有情感默契。对它们的喜爱，源于对民族审美文化的认同。​展开c,中新文娱,8分钟前 来自微博视频号,https://weibo.com/7728745629?refer_flag=1001030103_
#全国两会#【委员谈#冰墩墩雪容融成爆款是因审美自信#】全国政协委员、中国美术家协会主席范迪安认为，从冬奥会开闭幕式的中国式浪漫到“顶流”冰墩墩雪容融，都体现从容的文化自信。冰墩墩不仅视觉可爱，还与大众有情感交流；雪容融色彩温暖，与残疾人运动员有情感默契。对它们的喜爱，源于对民族审美​展开c,民乐融媒体中心,8分钟前 来自微博视频号,https://weibo.com/7041951828?refer_flag=1001030103_
#关注2022全国两会#【全国政协委员张俊廷：#建议第三孩免费上幼儿园#】关于三孩政策背景下如何提高生育意愿，全国政协委员、首都医科大学附属北京天坛医院神经外科主任医师张俊廷十分关切。他在接受北京青年报记者采访时表示，目前国家放开三孩，虽然有了政策，但是很多年轻人生育率还是不高，张俊廷关​展开c,周到上海,8分钟前 来自iPhone客户端,https://weibo.com/5892437306?refer_flag=1001030103_
#两会ing#【尤立增代表：丰富法治副校长履职方式，提高学校法治教育实效】全国人大代表、河北省张家口市第一中学教师尤立增表示，希望检察机关加强与教育部门和中小学校的协作配合，不断丰富法治副校长履职方式，在协助学校开展犯罪预防、制定法治教育规划、完善校园安全管理、净化校园周边环境等方面​展开c,建德检察,8分钟前 来自微博视频号,https://weibo.com/5182163938?refer_flag=1001030103_
【今年我的获得感·全国两会篇】稳稳的幸福，快来晒！-众望新闻客户端O【今年我的获得感·全国两会篇】稳稳的幸福，快来晒！​,盘州市两河农业园区,8分钟前 来自HUAWEIMate30Pro5G,https://weibo.com/6280320449?refer_flag=1001030103_
//@用户广西贵港市国际新城11-2-302:#全国两会##微博爆料#@封面新闻@新民周刊@国际在线新闻@新华国际@人民网@澎湃新闻@北京日报@北京晚报@潇湘晨报@紫光阁@新京报动新闻@红星新闻@南方都市报@南都周刊@中国长安网,湖南省永兴县郭海文3,8分钟前 来自HUAWEIP30,https://weibo.com/7672282971?refer_flag=1001030103_
#河南聚集100万人才提供安家费扶持#【两会云访谈——建设国家创新高地河南诚意满满】#2022全国两会看河南#在本期的云访谈中，对于问题：创新人才引进方面的措施有哪些？全国人大代表王杜娟回答到：“建设国家创新高地，河南可以说是诚意满满，就拿郑州来说，有一个百万人才帮扶计划和百万人才引进​展开c,河南广播电视台新闻中心,8分钟前 来自微博视频号,https://weibo.com/3214879741?refer_flag=1001030103_
#两会热点面对面#【#经济增速预期目标怎么看#？与四位经济学家、全国政协委员面对面】围绕“稳字当头、稳中求进”，政府工作报告中一系列指标和部署引人关注。经济增速预期目标怎么看？政策部署如何发力？民生保障如何落实？新华社记者专访了全国政协经济委员会副主任杨伟民、中国国际经济交流中心副理​展开c,河北广播电视台,8分钟前 来自iPhoneX,https://weibo.com/3229916011?refer_flag=1001030103_
#2022全国两会#【#建议加大恶意抢注商标打击力度#】“目前，商标恶意抢注的新闻不绝于耳，无论是烈士名称、知名人物名称、社会热点词汇，还是企业在先使用的商标、品牌，都有被抢注用以谋取不正当利益的情况存在。”全国政协委员严琦建议，行政机关和司法机关放宽对“恶意”的认定标准。加大对恶意抢注​展开c,山西新闻联播,8分钟前 来自iPhone客户端,https://weibo.com/6213974274?refer_flag=1001030103_
【甘快看•短视频】（直通全国两会）甘肃代表团代表继续补充完善议案建议  来源：视听甘肃O网页链接​,西和公安,8分钟前 来自iPhone客户端,https://weibo.com/2611745813?refer_flag=1001030103_
【两会看环保|全国人大代表杨晓雪：为洱海保护鼓与呼】“洱海保护治理历程艰难，取得的阶段性成果有目共睹。”在洱海边长大，在洱海边工作，30余载奔走在基层环境保护监测一线，全国人大代表杨晓雪对洱海治理有着深刻认识：洱海保护绝非一朝一夕之功，而是一个长期的系统工程，水环境改善和水生态​展开c,云南省生态环境厅,8分钟前 来自微博weibo.com,https://weibo.com/6115534658?refer_flag=1001030103_
#建功新时代2022#【V视看民生②接住！总理送来了医疗卫生好消息】#全国两会看山东#3月5日，十三届全国人大五次会议在北京开幕，国务院总理李克强作政府工作报告。今年政府工作报告继续派发惠民大红包，老百姓关心住房、教育、养老、就医等领域都迎来大礼包，利好你我。惊蛰之日，惊喜多多。​展开c,大众网东营,8分钟前 来自微博视频号,https://weibo.com/2026044661?refer_flag=1001030103_
【周知！今日两会日程】今天，#十三届全国人大五次会议新闻发布会#举行；#全国政协十三届五次会议开幕#。,沙雅县反邪,8分钟前 来自微博weibo.com,https://weibo.com/5243886959?refer_flag=1001030103_
#2022年全国两会#【代表委员“开箱”记｜#我把特效药的药盒带到北京#】全国政协委员杜丽群，今年带了一个治疗罕见病脊髓性肌萎缩症的“特效药”药盒到北京，此药2021年年底被纳入国家医保，价格从70万元一支降到了现在的3.3万元。杜丽群对罕见病关注已久，面对罕见病存在着高误诊、高漏诊、用药难的问​展开c,内蒙古日报,8分钟前 来自微博视频号,https://weibo.com/3919603060?refer_flag=1001030103_
【#外媒炒作中国军费预算增速三年来最高#专家：这不是“双标”是什么】#2022全国两会#根据政府预算草案报告，中国今年军费预算为1.45万亿元，同比增长7.1%。外媒报道称，这是中国近三年来最快增速。军事专家傅前哨表示，外媒对美国远远超出其防卫需要的巨额军费和极高的占比不吭一声，对某些西方国家​展开c,看看新闻全球眼,9分钟前 来自微博视频号,https://weibo.com/6268375888?refer_flag=1001030103_
#全国两会#两会开了几天了，怎么还没代表提出拐卖妇女儿童的建议呢？江苏、徐州或丰县的代表这会儿最应该提这个建议啊，为社会贡献力量，为自己的城市挽回一些颜面。​,怯懦的沈周要勇敢,9分钟前 来自小米8周年旗舰手机,https://weibo.com/2048426797?refer_flag=1001030103_
#微观两会#【全国人大代表曹京宜：#建议加大扶持军队年轻科研人才#】全国人大代表曹京宜，是我国海军装备防腐蚀研究领域的专家。今年参会，她从军队科研人员的培养和传承方面提出建议。“希望给年轻人更好的平台，创造更加拴心留人的环境；同时也要发挥老同志的工作热情。装备腐蚀防护工作的周期长，需​展开c,宁局湛江火车站,9分钟前 来自微博视频号,https://weibo.com/2609976834?refer_flag=1001030103_
#建功新时代2022#【V视看民生③政府工作报告“唱”出教育“好声音”】#全国两会看山东#3月5日，十三届全国人大五次会议在北京开幕，国务院总理李克强作政府工作报告。今年政府工作报告继续派发惠民大红包，老百姓关心住房、教育、养老、就医等领域都迎来大礼包，利好你我。惊蛰之日，惊喜多多。​展开c,大众网东营,9分钟前 来自微博视频号,https://weibo.com/2026044661?refer_flag=1001030103_
#2022年全国两会#【代表委员“开箱”记｜#我把特效药的药盒带到北京#】全国政协委员杜丽群，今年带了一个治疗罕见病脊髓性肌萎缩症的“特效药”药盒到北京，此药2021年年底被纳入国家医保，价格从70万元一支降到了现在的3.3万元。杜丽群对罕见病关注已久，面对罕见病存在着高误诊、高漏诊、用药难的问​展开c,河北新闻联播,9分钟前 来自iPhone客户端,https://weibo.com/5582931309?refer_flag=1001030103_
#2022年全国两会#【“赣”得精彩！政府工作报告的“江西回响”】3月5日，李克强总理向世界亮出一份靓丽的成绩单，再次凸显中国风景独好，成绩的取得来之不易，而在2021年，江西与全国人民一道勇毅前行，聚焦“作示范、勇争先”的目标要求，取得了骄人的成绩！请您逐一了解↓↓↓（来源：新法制报）​展开c,新法制报,9分钟前 来自360安全浏览器,https://weibo.com/1764451837?refer_flag=1001030103_
【#每年两会她都在台湾厅前留个影#，怀念伯父周恩来……】全国政协委员周秉建，连续参加了三届全国两会，每年两会她都会到台湾厅的门口留一张影。她说，因为1976年伯父周恩来逝世之后，骨灰曾在台湾厅放了一夜，他老人家最大的愿望就是祖国两岸统一，我在这里照相是为了缅怀他老人家，同时作为中华民族​展开c,共青团昆明市委,9分钟前 来自微博视频号,https://weibo.com/1992609200?refer_flag=1001030103_
#全国两会#2022中国这样干​,南侠战刀,9分钟前 来自华为手机畅享玩不停,https://weibo.com/5361355876?refer_flag=1001030103_
【#两会速评#：莫让年龄成限制，不拘一格招人才】“#建议保护35岁以上求职者就业机会#”“#建议公务员考试取消35岁限制#”……近期，有关求职中年龄歧视的话题多次登上热搜。有全国政协委员指出，不少招聘机构将35岁作为招聘红线，40岁及以上骨干被一刀切、边缘化的情况时有出现，人力资源浪费现象极为​展开c,大庆市中级人民法院,今天01:54,https://weibo.com/3876342106?refer_flag=1001030103_
#全国两会#我以后要是创业上班965，五险一金按最高买，员工持股，工作积极的提名转股东，工作不积极的降低股份，各种补贴全都上，放假不调休，我就不信没有人来跟我一起创业(大饼先画上)​,世纪大淫王,今天01:54 来自HUAWEInova3,https://weibo.com/1876326321?refer_flag=1001030103_
2022全国两会全面开启，快来参加@新华网#两会知识点#pk赛，一起关注两会！点击链接测一测你的两会知识水平怎么样~O网页链接​,海哥你的大别墅让我瞅瞅,今天01:53 来自微博答题,https://weibo.com/7019445849?refer_flag=1001030103_
#全国两会#你TM的河南省郑州市两级总工会，一个1956的全国劳模，月养老金4000，2020年度全国困难劳模的补助金是零元，你们的良心让狗吃了？操NDY的！​​​​​​​​​2郑州·经三路​,平舆柳兵,今天01:50 来自荣耀9X,https://weibo.com/6723662760?refer_flag=1001030103_
【#十三届全国人大代表中唯一珞巴族代表#】十几年前，他带着梦想从西藏深山到北京求学，成为族人的骄傲；十几年后，他肩负责任，再次到北京，参加全国两会成为全国人大代表。#新青年#第221期，十三届全国人大代表扎西江村，讲述他的履职故事。L新华社的微博视频​​​,大庆市中级人民法院,今天01:50 来自微博视频号,https://weibo.com/3876342106?refer_flag=1001030103_
#微观两会#【彭静委员：#建议明确对家庭暴力可提起公益诉讼#】全国政协委员、重庆静昇律师事务所创始合伙人彭静表示，“首先是扩大公益诉讼案件范围，明确对家庭暴力可提起公益诉讼。”彭静委员表示，我国2015年出台的反家庭暴力法标志着家庭暴力不再是“家务事”，需要公权力的及时介入和有效干预。建​展开c,大庆市中级人民法院,今天01:49,https://weibo.com/3876342106?refer_flag=1001030103_
牢记使命尽职尽责——热烈祝贺全国两会胜利召开O牢记使命尽职尽责——热烈祝贺全国两会胜利召开​,y感悟1981,今天01:46 来自学习强国客户端,https://weibo.com/3914851393?refer_flag=1001030103_
#惠州防疫工作人员恶意打死狗##惠州##疫情防控##萨摩耶##全国两会#热搜根本上不去，太无力了，小狗到底做错了什么！？地球不止只有人类，请尊重每一条生命，它们没有犯错，它们只是活着而已。​,_Pobby_,今天01:46 来自yyiPhone12ProMax,https://weibo.com/2186834197?refer_flag=1001030103_
#两会知识点#关注2022全国两会｜②两会常用词，你用对了吗？#闪光达人创作营#LCQDK全媒体的微博视频​,全员任务,今天01:45 来自微博视频号,https://weibo.com/3749055160?refer_flag=1001030103_
#2022年全国两会政府工作报告#里面好多税法的考点……​,寂寞时数星星,今天01:44 来自RedmiK40,https://weibo.com/1909172537?refer_flag=1001030103_
#最高法工作报告#【社论|为党的二十大胜利召开贡献法治力量——热烈祝贺全国两会召开】奋进新征程，建功新时代。一年一度的全国两会，在草木蔓发、生机勃勃的春天开启。来自全国各地区、各行业的五千多名全国人大代表、政协委员，肩负人民重托，如约相聚，商国是，话发展，参政议政。​展开c,大庆市中级人民法院,今天01:44,https://weibo.com/3876342106?refer_flag=1001030103_
汤亮总：为什么说建筑学初学者认真地进行“点”和“块”的基础构图训练，对于以后的学习有很大帮助，尽管这可能有点乏味？#农村自建房怎么设计##院子改造教程##建筑设计##现代别墅##民宿设计##农村自建别墅##农村别墅##别墅设计##三农##农村##全国两会##设计美学#农村自建房​展开c,道舍汤亮总讲设计盖房,今天01:41 来自农村自建房超话,https://weibo.com/1731285305?refer_flag=1001030103_
#全国两会2022#【#2022两会日程预告#】3月6日，审议和讨论政府工作报告，人代会审查计划报告和预算报告。​​​（新华社）​,大庆市中级人民法院,今天01:41,https://weibo.com/3876342106?refer_flag=1001030103_
//@广州铁路:【#王濛聊体育强国那些事儿#】她是王濛，曾斩获4枚冬奥金牌，冬奥会期间她因解说金句频频出圈。2022#全国两会#，“体育强国”也成为热点话题之一。在她看来，竞技体育如何延续，如何让“3亿人参与冰雪”变成可持续性的，变成大家的社会需求，是当下需要重点关注的。,广铁集团肇庆车务段,今天01:41 来自iPhone客户端,https://weibo.com/5587130735?refer_flag=1001030103_
【#每年两会她都在台湾厅前留个影#，怀念伯父周恩来……】全国政协委员周秉建，连续参加了三届全国两会，每年两会她都会到台湾厅的门口留一张影。她说，因为1976年伯父周恩来逝世之后，骨灰曾在台湾厅放了一夜，他老人家最大的愿望就是祖国两岸统一，我在这里照相是为了缅怀他老人家，同时作为中华民族​展开c,大庆市中级人民法院,今天01:38 来自微博视频号,https://weibo.com/3876342106?refer_flag=1001030103_
2022年全国两会丨政府工作报告里的贴心话O2022年全国两会丨政府工作报告里的贴心话​,用户7382603844,今天01:33 来自内置浏览器,https://weibo.com/7382603844?refer_flag=1001030103_
【#大法官访谈#丨勇于担当司法责任服务保障高质量发展努力向人民交出满意“司法答卷”——访全国人大代表、山东高院院长张甲天】2021年是党和国家历史上具有里程碑意义的一年，全国法院坚持以习近平新时代中国特色社会主义思想为指导，深入学习贯彻习近平法治思想和党的十九届六中全会精神，凝心聚力​展开c,大庆市中级人民法院,今天01:33,https://weibo.com/3876342106?refer_flag=1001030103_
激扬精气神汇聚正能量——从全国两会看奋进新征程O激扬精气神汇聚正能量——从全国两会看奋进新征程​,用户7382603844,今天01:33 来自内置浏览器,https://weibo.com/7382603844?refer_flag=1001030103_
#全国两会#全国两会顺利拉开帷幕，这是我党和国家的一件大事，全国人大代表和政协委员们又再一次齐聚一堂，共商国事。昌都森林消防支队江达中队通过视频形式观看于人民大会堂召开的“两会”开幕式直播。​,昌都森林消防,今天01:33 来自昌都森林消防支队超话,https://weibo.com/7364394496?refer_flag=1001030103_
【#大法官访谈#丨以文化建设实质化促法官自信、职业共信、社会公信——四川高院院长王树江访谈精要】2021年是党和国家历史上具有里程碑意义的一年，全国法院坚持以习近平新时代中国特色社会主义思想为指导，深入学习贯彻习近平法治思想和党的十九届六中全会精神，凝心聚力、担当作为，忠实履行宪法法​展开c,大庆市中级人民法院,今天01:32,https://weibo.com/3876342106?refer_flag=1001030103_
#两会#全国两会哪些话题最热？O全国两会哪些话题最热？好选题就藏在其中！​,飘飘飘都飘走了,今天01:30 来自nova7你在焦点在,https://weibo.com/3972896590?refer_flag=1001030103_
#全国两会#看了十几条议案，今年两会能不能提出更多惠国惠民的政策，而不是一堆脱离实际或为了自身利益的离谱提案​,宋你个大馒头_,今天01:30 来自TFBOYS的四叶草,https://weibo.com/6415077831?refer_flag=1001030103_
十个知识点带你了解全国两会涨知识！十个知识点带你了解全国两会O网页链接​,老慧201608,今天01:28 来自iPhone客户端,https://weibo.com/6006134172?refer_flag=1001030103_
//@权dy法://@ty夜猫856://@顺1234964://@廉风劲扫贪腐://@权dy法:#司法腐败是万恶之源##全国两会#一届一届拖，拖过就不管，老百姓犯了错，多少年都得认，当官的欺负人，就官官相护，让一个普通百姓憋屈受累一辈子，好话都没一句，希望能有领导说句公道话,我心如初DH,今天01:27 来自HUAWEIMate20,https://weibo.com/5632398121?refer_flag=1001030103_
#建议提高低收入家庭毕业生招录比例##全国两会#为什么每年都有奇葩提议啊？父母的努力成了孩子录取几率降低的理由？低收入又从何而来，如何判断呢？贫困补助也不一定都是贫困生拿的吧，公平从何而来？​,小田特别甜,今天01:27 来自OPPOReno55G,https://weibo.com/7343412550?refer_flag=1001030103_
#2022两会报道#全国政协委员、四川体育职业学院体操运动管理中心主任邹凯建议，应推动退役运动员入校任教，充分利用他们的专业优势，推动体育教育专业化发展，也为更多热爱运动的孩子提供更广阔的发展空间。中新视频#闪光达人创作营#L中新视频的微博视频​,星文娱,今天01:26 来自微博视频号,https://weibo.com/5231890550?refer_flag=1001030103_
#微观两会#【全国人大代表初建美：#建议针对未成年人食品安全专门立法#】全国人大代表初建美表示，目前中国没有专门的“儿童食品”分类，缺乏专门的法律法规与食品安全国家标准，相关法律条文散见于《食品安全法》等，内容多是针对婴幼儿群体，已有的一些食品安全国家标准也主要是针对婴幼儿配方食品等​展开c,每日商报,今天01:24 来自iPhone客户端,https://weibo.com/1883184762?refer_flag=1001030103_
#全国两会#咋没人建议禁韩令，别人西八来中国圈钱了。​,宁羡儿,今天01:24 来自OPPOReno75G,https://weibo.com/3481865195?refer_flag=1001030103_
习言道|“就要让大家讲，哪怕刺耳、尖锐一些”网站链接：O网页链接3月4日，全国政协十三届五次会议开幕，2022全国两会正式启幕。人民政协是具有中国特色的制度安排，习近平总书记对政协工作高度重视、十分关心，发表过很多关于政协工作的精彩论述——更多吕梁及时可靠资讯、权威发​展开c,吕梁广播电视台,今天01:22 来自微博weibo.com,https://weibo.com/6568854262?refer_flag=1001030103_
看图#全国两会#2汕头​,潮汕茶,今天01:22 来自华为畅享Z5G,https://weibo.com/7007461783?refer_flag=1001030103_
【“拐卖是一种绑架行为”，人大代表#建议拐卖妇女儿童者终身追责#】凤凰两会对话全国人大代表@宝贝回家张宝艳，她认为拐卖是一种绑架行为，特别对妇女伴随着虐待、强奸、非法拘禁、故意伤害等，对被拐妇女儿童侵害最大的是买家，买方的量刑不应低于拐卖儿童罪。张宝艳#建议排查被拐妇女纳入地方考核​展开c,每日商报,今天01:22 来自iPhone客户端,https://weibo.com/1883184762?refer_flag=1001030103_
#再次呼吁取消醉驾罪#醉驾伤害还小么，还要再次呼吁取消醉驾醉？你怎么代表老百姓的利益，你是怎么选出来的，你提案的理由是什么？你在为谁说话？那么多因酒驾醉驾不完整的家庭，你有考虑他的感受么？我曾和律师认真咨询过，律师说现在国民素质无法把酒驾量刑很严格，所以不会超三年，但你直接“再次呼​展开c,大乐仔gamble,今天01:21 来自HUAWEIP40Pro5G,https://weibo.com/2095825394?refer_flag=1001030103_
//@用户广西贵港市国际新城11-2-302:#全国两会##微博爆料#@封面新闻@新民周刊@国际在线新闻@新华国际@人民网@澎湃新闻@北京日报@北京晚报@潇湘晨报@紫光阁@新京报动新闻@红星新闻@南方都市报@南都周刊@中国长安网,我心如初DH,今天01:21 来自HUAWEIMate20,https://weibo.com/5632398121?refer_flag=1001030103_
#全国两会##政府工作报告#暖心又提气,讨厌窥探,今天01:20 来自iPhoneX,https://weibo.com/1357471890?refer_flag=1001030103_
牢记使命尽职尽责——热烈祝贺全国两会胜利召开O牢记使命尽职尽责——热烈祝贺全国两会胜利召开​,吴时平,今天01:19 来自学习强国客户端,https://weibo.com/7401408418?refer_flag=1001030103_
#全国两会#奋斗的号角再次吹响，正是每一个你的努力，汇聚出一个欣欣向荣的奋进中国，迎着春光再出发！加油2合肥·肥西县L之所以燃着的微博视频​,之所以燃着,今天01:18 来自iPhone客户端,https://weibo.com/5358523031?refer_flag=1001030103_
全国两会｜宁夏代表团举行新闻发布会讲述马慧娟“背后的故事”O全国两会｜宁夏代表团举行新闻发布会讲述马慧娟“背后的故事”​,生逢其时向上好青年,今天01:17 来自学习强国客户端,https://weibo.com/2419013964?refer_flag=1001030103_
激扬精气神汇聚正能量——从全国两会看奋进新征程O激扬精气神汇聚正能量——从全国两会看奋进新征程​,hly穎醬,今天01:13 来自学习强国客户端,https://weibo.com/5743028116?refer_flag=1001030103_
建议得很好下次别再建议了#全国两会#​,所念皆瞪儿圆的星河,今天01:13 来自iPhone客户端,https://weibo.com/5387201749?refer_flag=1001030103_
【全国两会】陕西以新发展理念引领高质量发展O【全国两会】陕西以新发展理念引领高质量发展​,长安寿春人,今天01:13 来自学习强国客户端,https://weibo.com/2268578700?refer_flag=1001030103_
【俞敏洪委员：重视青少年抑郁预防和治疗，鼓励构建社会支持系统】#俞敏洪委员建议重视青少年抑郁预防和治疗#2022年全国两会正在召开。3月5日，澎湃新闻记者从全国政协委员、新东方教育科技集团董事长俞敏洪处获悉，今年他向大会提交了《关于重视青少年抑郁预防和治疗的建议》。俞敏洪提出四点建议：​展开c,南通政法,今天01:12 来自OPPOA565G,https://weibo.com/5160792520?refer_flag=1001030103_
【全国两会】陕西以新发展理念引领高质量发展O【全国两会】陕西以新发展理念引领高质量发展​,-Ephemera-,今天01:11 来自iPhone客户端,https://weibo.com/2431554545?refer_flag=1001030103_
习近平的两会时间治国理政丹心为民习近平的这些话语重心长网站链接：O网页链接党的十八大以来，连续九年全国两会，习近平总书记都会“到团组”同人大代表、政协委员倾心交流，共商国是。一句句贴心话语，无不体现着深厚的人民情怀。更多吕梁及时可靠资讯、权威发布尽在掌上吕梁【​展开c,吕梁广播电视台,今天01:11 来自微博weibo.com,https://weibo.com/6568854262?refer_flag=1001030103_
【胡卫委员：#建议禁止给未成年人做非必要医美#手术】今年两会，全国政协委员、上海市政协科技教育委员会副主任胡卫建议明确医疗整形行业经营范畴，并明令禁止对未成年人开展除容貌修复等必要医疗之外的整形项目。胡卫认为，整形业乱象对青年造成群体性的伤害有多个方面，比如身体健康损害，误导青年​展开c,南通政法,今天01:11 来自OPPOA565G,https://weibo.com/5160792520?refer_flag=1001030103_
#先锋944##启航春天里##关注2022两会#【杨利伟：#未来航天员每半年值守一次空间站#】全国政协委员、中国载人航天工程副总设计师杨利伟表示，空间站转入常态化运行阶段，航天员基本每半年值守一次。“目前，国际空间站基本上也是按照这样的时间值守，随着工作以及实验的需要，在上面工作的时间也可能更​展开c,福州新闻广播,今天01:10 来自微博视频号,https://weibo.com/2985080603?refer_flag=1001030103_
#先锋944##启航春天里##关注2022两会#【全国政协委员马萧林：筑牢文物保护红线、底线、生命线让文物“活”起来】#文物博物馆应建立完善的应急管理机制#作为一名文博人，如何更好地对文物进行保护、利用，是全国政协委员、河南博物院院长马萧林在两会上关注最多的内容。今年两会，马萧林的目光仍然落​展开c,福州新闻广播,今天01:10 来自微博视频号,https://weibo.com/2985080603?refer_flag=1001030103_
#先锋944##启航春天里##关注2022两会#【全国政协委员韦震玲：#给特殊原因辞职回归家庭的成员累计工龄#】#建议让家庭主妇家庭煮夫成合法职业#全国两会期间，全国政协委员、广西壮族自治区柳州市人民检察院副检察长韦震玲提交提案，建议建立家庭全职服务成员职业权利保障制度，维护家庭全职服务成员的合​展开c,福州新闻广播,今天01:10 来自HUAWEIMate20Pro,https://weibo.com/2985080603?refer_flag=1001030103_
【你好，#全国两会#；奋进，中国！】#十三届全国人大五次会议召开#，中国进入“两会时间”。奋斗的号角再次吹响，正是每一个你的努力，汇聚出一个欣欣向荣的奋进中国。立足百年新起点，迎着春光再出发！​,白城市消防,今天01:10 来自OPPOA11,https://weibo.com/3423681204?refer_flag=1001030103_
【全国政协委员花亚伟：建议允许30岁以上单身女性生育一胎】全国政协委员，农工党中央委员花亚伟，在今年的全国两会上拟提出关于完善支持生育政策的提案。花亚伟在提案中呼吁，全社会以更加包容的态度对待未婚生育，满足大龄单身女性的生育意愿，对其生育的孩子在落户、就学、就医等方面一视同仁。他建​展开c,南通政法,今天01:10 来自微博视频号,https://weibo.com/5160792520?refer_flag=1001030103_
全国两会|一图读懂2022年《政府工作报告》O全国两会|一图读懂2022年《政府工作报告》​,明末摸,今天01:10 来自学习强国客户端,https://weibo.com/5117892695?refer_flag=1001030103_
#全国两会##全国两会2022#【3月6日两会日程预告】审议和讨论政府工作报告，审查计划报告和预算报告。（来源：新华社）​,中国文艺网,今天01:10 来自iPhone客户端,https://weibo.com/3171364240?refer_flag=1001030103_
动物保护法什么时候提上日程？妇女儿童买卖什么时候同罪？两会#全国两会#​,Aoengha,今天01:09 来自iPhone客户端,https://weibo.com/1843386933?refer_flag=1001030103_
全国两会首场代表通道开启🌸🌸🌸💏😍💄🌷🌷O全国两会首场代表通道开启​,爱自己的特色,今天01:08 来自央视新闻,https://weibo.com/7496140894?refer_flag=1001030103_
2022年全国两会丨政府工作报告里的贴心话O网页链接​,福尔的微博,今天01:08 来自iPhone客户端,https://weibo.com/5865621145?refer_flag=1001030103_
#关注2022全国两会#2019年时，我徐恒明不欠银行货款，原欠银行贷款于2017年已全部还清。2019年，我被江苏省连云港市赣榆区人民法院判了拒不执行判决、裁定罪，并判处有期徒刑一年。该院对我作出(2019)苏07​展开c,2022连云港徐恒明,今天01:08 来自vivoY30标准版,https://weibo.com/7737171395?refer_flag=1001030103_
//@用户广西贵港市国际新城11-2-302:#全国两会##微博爆料#@封面新闻@新民周刊@国际在线新闻@新华国际@人民网@澎湃新闻@北京日报@北京晚报@潇湘晨报@紫光阁@新京报动新闻@红星新闻@南方都市报@南都周刊@中国长安网,用户6964755483,今天01:07 来自vivo手机,https://weibo.com/6964755483?refer_flag=1001030103_
2022年全国两会召开在即，关于两会的知识点你都熟悉了嘛？让我们看看视频，这些问题你都答得上来嘛？L上海建桥学院微博协会的微博视频​,综艺胡侃,今天01:05 来自微博视频号,https://weibo.com/7414471601?refer_flag=1001030103_
今年，这样干！2022全国两会为你划重点点击查看更多O今年，这样干！2022全国两会为你划重点​,奋斗青年嘟嘟多,今天01:04 来自iPhone客户端,https://weibo.com/6449893928?refer_flag=1001030103_
"#建议整治农村高价彩礼#【卢天锡代表：高价彩礼物化婚姻，建议从国家层面加大整治力度】今年两会期间，全国人大代表、民进江西省委会副主委、江西省住房和城乡建设厅厅长卢天锡拟提交《关于整治农村高价彩礼促进乡风文明的建议》↓↓↓卢天锡指出，高价彩礼不仅物化了婚姻，吞噬了部分人的幸福生活,还​展开c",安徽商贸学院警务站,今天01:04 来自HUAWEIP405G,https://weibo.com/3243757400?refer_flag=1001030103_
【张兴海代表：#建议鼓励年轻人少送外卖多进工厂#】2022全国两会期间，全国人大代表、小康集团董事长张兴海表示，当下不少年轻人选择送外卖、送快递，不愿进工厂当产业工人，导致制造业招工困难，这不利于社会长远发展。他建议社会各界共同努力，鼓励支持更多年轻人成为产业工人。​展开c,安徽商贸学院警务站,今天01:04 来自HUAWEIP405G,https://weibo.com/3243757400?refer_flag=1001030103_
#全国两会上的云南声音#【云南省代表团举行全体会议审议政府工作报告郭声琨参加审议并发言王宁主持陈豪阮成发王予波等参加】3月5日下午，出席十三届全国人大五次会议的云南省代表团举行全体会议，审议李克强总理代表国务院所作的政府工作报告。#全国两会##两会政在说#O云南省代表团举行全体会议审议政府工作报告​,云南发布,今天01:04 来自微博weibo.com,https://weibo.com/1662558237?refer_flag=1001030103_
十个知识点带你了解全国两会O网页链接​,封锁我一生82094,今天01:03 来自科普中国,https://weibo.com/6206222191?refer_flag=1001030103_
#微观2022全国两会#啥时候医护待遇能提高，伤人心​,小鱼鱼是我呀-,今天01:03 来自iPhone13(粉色),https://weibo.com/5834942920?refer_flag=1001030103_
#2022全国两会进行时#【#防止和纠正性别年龄等就业歧视#】政府工作报告：完善灵活就业社会保障政策，开展新就业形态职业伤害保障试点。坚决防止和纠正性别、年龄等就业歧视，着力解决侵害劳动者合法权益的突出问题。加快培养制造业高质量发展的急需人才，让更多劳动者掌握一技之长，让三百六十行人才辈​展开c,安徽商贸学院警务站,今天01:02 来自微博视频号,https://weibo.com/3243757400?refer_flag=1001030103_
十个知识点带你了解全国两会O网页链接​,我不耐吃窝头,今天01:01 来自科普中国,https://weibo.com/1018955311?refer_flag=1001030103_
发布了头条文章：《献礼全国两会原创佳片有约咸阳本土电影《无翅飞翔》点映礼今日举行》O献礼全国两会原创佳片有约咸阳本土电影《无翅飞翔》点映礼今日举行​,TheAngryBirdsMovie,今天01:00 来自微博weibo.com,https://weibo.com/5573963641?refer_flag=1001030103_
激扬精气神汇聚正能量——从全国两会看奋进新征程O网页链接2呼伦贝尔​,呼伦贝尔新右旗发布,今天00:59 来自iPhone客户端,https://weibo.com/2419711495?refer_flag=1001030103_
牢记使命尽职尽责——热烈祝贺全国两会胜利召开O牢记使命尽职尽责——热烈祝贺全国两会胜利召开​,STaroPro-GodvzzZ,今天00:59 来自iPhone客户端,https://weibo.com/5896850863?refer_flag=1001030103_
#全国两会#请放假就放假，不要搞调休的把戏！都是算数的高手，玩弄朝三暮四的把戏，糊弄谁呢？堂堂中国连放个假都扣扣搜搜的！​,用户2044894197,今天00:59 来自iPhone客户端,https://weibo.com/2044894197?refer_flag=1001030103_
2022全国两会甘肃时刻：“甘”劲满满开新局、踔厉奋发谱新篇代表委员这样说（一）O网页链接​,超级辣妈_78986,今天00:58 来自新甘肃,https://weibo.com/3299122570?refer_flag=1001030103_
牢记使命尽职尽责——热烈祝贺全国两会胜利召开O牢记使命尽职尽责——热烈祝贺全国两会胜利召开​,刘十一加307,今天00:57 来自学习强国客户端,https://weibo.com/2883924657?refer_flag=1001030103_
#全国两会#参加内蒙古代表团审议时，他提出“5个必由之路”：全面从严治党是党永葆生机活力、走好新的赶考之路的必由之路。办好中国的事情，关键在党、关键在全面从严治党。只要大力弘扬伟大建党精神，不忘初心使命，勇于自我革命，不断清除一切损害党的先进性和纯洁性的有害因素，不断清除一切侵蚀党​展开c,陕西的强,今天00:57 来自荣耀X105G,https://weibo.com/6461131268?refer_flag=1001030103_
奋斗吧，中国！（2022全国两会特别版）O奋斗吧，中国！（2022全国两会特别版）​,爱之如水,今天00:57 来自学习强国客户端,https://weibo.com/2374274250?refer_flag=1001030103_
去年#全国两会#我问两会！​,陈卓尔,今天00:56 来自Android,https://weibo.com/1769370944?refer_flag=1001030103_
【一周热点扫描（2.21-2.27）】1、俄乌局势骤然升级，72小时内总台前线报道力量凸显“敢战必赢”。2、19名记者署名调查报道。3、总结梳理北京冬奥，助力展望冬残奥时间。4、2022中央一号文件公布，“中国新闻”等推出系列报道。5、预热全国两会，看“履职一年间”。6、“晚间新闻”结尾饱览“春来中国​展开c,复兴路的事儿,今天00:56 来自HarmonyOS设备,https://weibo.com/2125745594?refer_flag=1001030103_
//@航空工业:#全国两会#,用户窗前亦有千竿竹,今天00:56 来自小米Max3大屏大电量,https://weibo.com/7585881691?refer_flag=1001030103_
2022全国两会甘肃时刻：“甘”劲满满开新局、踔厉奋发谱新篇代表委员这样说（二）O网页链接​,超级辣妈_78986,今天00:56 来自新甘肃,https://weibo.com/3299122570?refer_flag=1001030103_
牢记使命尽职尽责——热烈祝贺全国两会胜利召开O牢记使命尽职尽责——热烈祝贺全国两会胜利召开​,手机快乐有你,今天00:55 来自学习强国客户端,https://weibo.com/2441124603?refer_flag=1001030103_
//@中国证券网:#2022全国两会来了#,鲲之大200006,今天00:55 来自iPhone客户端,https://weibo.com/6533091141?refer_flag=1001030103_
税收起征点该不该往上提？#2022全国两会#科技#我在快手涨知识##快手#@快手L网易科技的快手视频​,北京桑妈妈的小窝,今天00:54 来自快手,https://weibo.com/5677546555?refer_flag=1001030103_
#全国两会##建议加大网络暴力处罚力度##拒绝网络暴力#整治网络空间刻不容缓，对网络暴力的受害者的救济渠道也应该被加强！,晚上吃啥eee,今天00:51 来自HUAWEIP30,https://weibo.com/7566581567?refer_flag=1001030103_
#全国两会#好奇各大代表的提议没有一个统一的官方平台发布吗？为什么各个大v东一条西一条的发？​,妮利艾露杜欧德修凡克,今天00:51 来自HUAWEIP40Pro5G,https://weibo.com/1804137681?refer_flag=1001030103_
你们看去年的#全国两会#再看看今年的#全国两会#是不是和我一样都觉得有的委员提议真的是为自己提的，他们只为自己说话，只站在自己的立场提建议，让有钱的给缺钱的提建议，让房子又大有多的给没房子买不起房子的提建议，让吃着有机蔬菜大米的给吃化学添加剂的提建议，让老板给员工提建议～真的有帮到​展开c,陈卓尔,今天00:51 来自Android,https://weibo.com/1769370944?refer_flag=1001030103_
#全国两会#建议尽快出台动物保护法！！！建议延长男性陪产假与女性产假一致！！！​,我们都成了过客,今天00:50 来自iPhone客户端,https://weibo.com/1734437134?refer_flag=1001030103_
"2022年全国两会O网页链接分享自新华社客户端,更多内容请下载O网页链接​",深山劲松199,今天00:50 来自新华社,https://weibo.com/1172045067?refer_flag=1001030103_
#十三届全国人大五次会议开幕#日本专家、东亚共同体研究所所长孙崎享常年研究国际形势与经济发展。他在接受总台记者采访时表示，希望通过两会这个重要窗口进一步了解中国的政策走向与治理之道。#闪光达人创作营#L央视网快看的微博视频​,星文娱,今天00:50 来自微博视频号,https://weibo.com/5231890550?refer_flag=1001030103_
#全国两会#她们京东金融没有违法，没有套路？一切可以百姓知晓，熟知晓都清楚，小额贷款，京东，京东金融，套路，而不是把我们最底层当白痴，我们是受害者而不是非要答应考虑你们方案，妥协方案必须私下转3521.55，一次有一次加本拖在拖，利息一直涨在涨，我还不清楚她们套路？她们可以把录音放出来，​展开c,设计师叶晓,今天00:49 来自Android,https://weibo.com/7564851109?refer_flag=1001030103_
#全国两会看福建#【新闻特写：踔厉奋发开新局笃行不怠再扬帆】#闽言网语#出席十三届全国人大五次会议的福建省全国人大代表们，与来自全国近3000名人大代表，肩负人民重托，共商国是，共谋高质量发展新篇章。人大代表们高度评价李克强总理所作的《政府工作报告》，表示要踔厉奋发，笃行不怠，以实际​展开c,晋江新闻网,今天00:49 来自微博视频号,https://weibo.com/1734252941?refer_flag=1001030103_
万众一心向未来——写在2022年全国两会开幕之际O万众一心向未来​,穿着裤衩跳国标,今天00:49 来自学习强国客户端,https://weibo.com/3834960348?refer_flag=1001030103_
#微博看两会##聚焦全国两会##两会声音#,人民执法监督员,今天00:48 来自柔光自拍vivoX7,https://weibo.com/2482816377?refer_flag=1001030103_
两会给了大方向，又提到具体措施的，可不可以理解为是今年重点内容？还是说给了大方向的，无所谓提不提具体措施，重要程度都一样？#全国两会##两会#​,Findme-925,今天00:48 来自iPhone客户端,https://weibo.com/1617400150?refer_flag=1001030103_
发布了头条文章：《农业农村三农领域突出短板实施意见》#全国两会常用词##心得体会##三农##对照检查材料#O农业农村三农领域突出短板实施意见​,阿明知识库,今天00:47 来自微博weibo.com,https://weibo.com/2661131393?refer_flag=1001030103_
时习之思政这堂大课，习近平说要“善用之”网站链接：O网页链接“‘大思政课’我们要善用之，一定要跟现实结合起来。”2021年全国两会期间，习近平总书记在看望参加全国政协十三届四次会议的医药卫生界、教育界委员时对思想政治理论课教师提出期许。党的十九大以来，习近平多次嘱托要​展开c,吕梁广播电视台,今天00:46 来自微博weibo.com,https://weibo.com/6568854262?refer_flag=1001030103_
悦读西藏西藏的你，被政府工作报告cue到的感觉真好！#网民看全国两会#2拉萨​,Happy小诺诺麻麻,今天00:46 来自悦读西藏超话,https://weibo.com/5253547302?refer_flag=1001030103_
激扬精气神汇聚正能量——从全国两会看奋进新征程O激扬精气神汇聚正能量——从全国两会看奋进新征程​,骏sing,今天00:45 来自学习强国客户端,https://weibo.com/6042778348?refer_flag=1001030103_
#全国两会看福建#【福语建言｜从教育到养老，件件与你有关！请收】#闽言网语#春光正好，又是一年履职时，想知道今年住闽全国政协委员都关注什么热点问题？提交了哪些提案吗？一起来看看↓O福语建言｜从教育到养老，件件与你有关！请收​,晋江新闻网,今天00:45 来自微博weibo.com,https://weibo.com/1734252941?refer_flag=1001030103_
//@宁波公安:#两会看公安#【“云”探访公安系统全国人大代表】,海曙警方在线,今天00:44 来自vivoX23AI非凡摄影,https://weibo.com/2433126300?refer_flag=1001030103_
//@宁波公安:【全国政协十三届五次会议首场“委员通道”开启】#两会看公安#,海曙警方在线,今天00:44 来自vivoX23AI非凡摄影,https://weibo.com/2433126300?refer_flag=1001030103_
#全国两会2022#【#2022两会日程预告#】3月6日，审议和讨论政府工作报告，人代会审查计划报告和预算报告。​​​​,济宁任城检察,今天00:44 来自360安全浏览器,https://weibo.com/5490667576?refer_flag=1001030103_
//@宁波公安:【十三届全国人大五次会议新闻发布会侧记】#两会看公安#,海曙警方在线,今天00:43 来自vivoX23AI非凡摄影,https://weibo.com/2433126300?refer_flag=1001030103_
#全国两会#说取消酒驾罪的那个真的是在为人民百姓着想吗？​,·普陀寺和风景线·,今天00:43 来自iPhoneX,https://weibo.com/7730297438?refer_flag=1001030103_
#全国两会#今日份笑话：有的代表在提议严查拐卖，有的代表在提议减轻酒驾、降低彩礼……谢谢，真的有被笑到真就有人仰望星空，有人活在阴沟呗……2成都​,汉渚烟桥,今天00:42 来自iPhone客户端,https://weibo.com/6883659540?refer_flag=1001030103_
激扬精气神汇聚正能量——从全国两会看奋进新征程O激扬精气神汇聚正能量——从全国两会看奋进新征程​,黑土祥云4848,今天00:41 来自学习强国客户端,https://weibo.com/5252537413?refer_flag=1001030103_
#视听里的中国##全国两会##董彩云代表深情讲述学生的成长故事#为河州女子点赞👍2临夏·和政县L尘封的灯的微博视频​,尘封的灯,今天00:41 来自iPhone客户端,https://weibo.com/7337924436?refer_flag=1001030103_
牢记使命尽职尽责——热烈祝贺全国两会胜利召开O牢记使命尽职尽责——热烈祝贺全国两会胜利召开​,黑土祥云4848,今天00:40 来自学习强国客户端,https://weibo.com/5252537413?refer_flag=1001030103_
我参与了@共青团福建省委发起的投票【全国两会召开的周期是（）。】，我投给了“A.每年”这个选项，你也快来表态吧~,墨守成规SHANXI,今天00:39 来自nova8Pro我由我掌镜,https://weibo.com/5715510405?refer_flag=1001030103_
#两会ing#【刘入源代表：加大无障碍环境建设公益诉讼办案力度】关注残疾人权益保障的全国人大代表、广西壮族自治区博白县江宁镇长江村养羊协会党支部书记刘入源表示，希望检察机关进一步探索无障碍公益诉讼司法规律和特点，不断加大无障碍环境建设公益诉讼的办案力度。（检察日报记者郑智）​​​,大荔检察,今天00:39 来自微博国际版,https://weibo.com/5341313217?refer_flag=1001030103_
《2022年全国两会丨政府工作报告里的贴心话》今年政府工作报告里的这些话，既贴心又有力！O网页链接​,手机用户2369176787,今天00:38 来自百度极速版,https://weibo.com/2369176787?refer_flag=1001030103_
#两会ing#【胡成中代表：建议修改环境保护法保障“双碳”目标实现】全国人大代表、德力西集团董事局主席胡成中表示，2020年，我国向全球作出承诺，二氧化碳排放力争于2030年前达到峰值，努力争取2060年前实现碳中和。‘双碳’目标的实现，离不开健全的法律制度,大荔检察,今天00:38 来自微博国际版,https://weibo.com/5341313217?refer_flag=1001030103_
//@国家税务总局:#全国两会##2022年《政府工作报告》#今年，你的钱袋子有这些大变化！​​​​,小斯同学啊,今天00:38 来自iPhone客户端,https://weibo.com/3874410196?refer_flag=1001030103_
#两会ing#【祁志峰委员：检察公益诉讼助力个人信息保护】全国政协委员、中国拍卖行业协会副会长祁志峰表示，网络安全和公民个人信息同属于社会公共利益的范畴，建议检察机关进一步能动履职，通过公益诉讼检察职能推动相关行政机关依法履行监管职责，全面解决相关行业存在的问题,大荔检察,今天00:38 来自微博国际版,https://weibo.com/5341313217?refer_flag=1001030103_
牢记使命尽职尽责——热烈祝贺全国两会胜利召开O牢记使命尽职尽责——热烈祝贺全国两会胜利召开​,长不大201901,今天00:38 来自学习强国客户端,https://weibo.com/6938304331?refer_flag=1001030103_
【#代表建议春节放假10天清明放5天#】“春节假期7天，除去路上奔波的时间，也没几天好好与家人团聚、走亲访友。”今年两会期间，多位全国人大代表建议，将春节、清明等中国传统节日假期延长，不仅能平缓交通压力，拉动内需，更能彰显对传统文化的重视。全国人大代表吉桂凤提出了具体的建议：春节由现在​展开c,每日商报,今天00:38 来自iPhone客户端,https://weibo.com/1883184762?refer_flag=1001030103_
//@愚仁劫WQ:#两会政在说#国家倡导的金融创新、普惠金融因监管缺失、政策滞后等原因，理财平台以P2P形式恶意欺诈老百姓，事后实行一刀切将平台整体清零#p2p已完全归零#，导致3.2亿受害者涉及资金达8000亿元无法兑付，受害人投诉无门苦不堪言，请问谁应为此担责？请两会代表关注金灾难民！#全国两会#,红04560,今天00:37 来自小米10青春版5G,https://weibo.com/5522832847?refer_flag=1001030103_
//@国家税务总局:#全国两会##2022年《政府工作报告》#现场视频：完善三孩生育政策配套措施！3岁以下婴幼儿照护费用，纳入个人所得税专项附加扣除。,小斯同学啊,今天00:37 来自iPhone客户端,https://weibo.com/3874410196?refer_flag=1001030103_
【全国政协委员花亚伟：建议允许30岁以上单身女性生育一胎】全国政协委员，农工党中央委员花亚伟，在今年的全国两会上拟提出关于完善支持生育政策的提案。花亚伟在提案中呼吁，全社会以更加包容的态度对待未婚生育，满足大龄单身女性的生育意愿，对其生育的孩子在落户、就学、就医等方面一视同仁。他建​展开c,湖北新闻,今天00:37 来自微博视频号,https://weibo.com/5637065453?refer_flag=1001030103_
全国两会,大荔检察,今天00:37 来自微博国际版,https://weibo.com/5341313217?refer_flag=1001030103_
『【短视频】（直通全国两会）甘肃代表团代表继续补充完善议案建议』O网页链接​,文县文体广电和旅游局,今天00:37 来自nova7Pro你在焦点在,https://weibo.com/3937127550?refer_flag=1001030103_
新华社北京3月5日电十三届全国人大五次会议开幕会5日9时在北京人民大会堂举行，习近平等党和国家领导人出席大会。国务院总理李克强代表国务院，向十三届全国人大五次会议作政府工作报告。#全国两会##2022年全国两会#O十三届全国人大五次会议在京开幕​,中国文艺网,今天00:36 来自微博weibo.com,https://weibo.com/3171364240?refer_flag=1001030103_
奋斗吧，中国！（2022全国两会特别版）O奋斗吧，中国！（2022全国两会特别版）​,禾田隐士,今天00:35 来自学习强国客户端,https://weibo.com/2920494477?refer_flag=1001030103_
#两会知识点#【#保障性租赁住房供给数量或将翻番#】今年《政府工作报告》，又发出了哪些民生礼包？今年，财税金融等政策都将围绕就业优先实施，千方百计稳定和扩大就业。240万套，是预期今年保障性租赁住房的供给数量，这个数字比去年的两倍还多。在北上广深等重点城市，新增保障性租赁住房的占比，占​展开c,武汉新闻,今天00:35 来自iPhone客户端,https://weibo.com/2913232887?refer_flag=1001030103_
#两会ing#【刘亚声代表：网络空间也要有法治保障】全国人大代表、内蒙古自治区兴安盟中心血站医生刘亚声表示，犯罪分子利用非法获取的公民个人信息注册手机卡、银行卡，作为诈骗犯罪的基础工具。身边的人包括我自己都接到过诈骗电话或短信。网络不是法外之地，网络空间也要有法治保障。,大荔检察,今天00:34 来自微博国际版,https://weibo.com/5341313217?refer_flag=1001030103_
#两会#【两会1+1|数说政府工作报告看解读！】今天上午，#十三届全国人大五次会议开幕#。政府工作报告指出：#今年GDP目标增长5.5%左右#；城镇新增就业1100万人以上；粮食产量保持在1.3万亿斤以上。2022年还有哪些发展目标？中国经济如何实现稳中求进？看↓（央视新闻）L央视新闻的微博视频​​​,微语个旧,今天00:34 来自iPhone客户端,https://weibo.com/5184064882?refer_flag=1001030103_
#两会ing#【王世琴代表：司法救助，一起向更温暖的未来】全国人大代表、广东省茂名市高新区管委会经济发展局副局长王世琴表示，检察机关司法救助工作，做到“应救尽救”，立足“长远”，注重“多元”，坚持“一次救助，长期关怀”，真正地做到了“救”在点上，“暖”在人民群众心坎上,大荔检察,今天00:34 来自微博国际版,https://weibo.com/5341313217?refer_flag=1001030103_
2022全国两会|全国人大会议议程来了！O2022全国两会|全国人大会议议程来了！​,随翼的雅奴天使,今天00:34 来自学习强国客户端,https://weibo.com/5443319947?refer_flag=1001030103_
#两会ing#【范树奎委员：引入数字财税第三方专业服务力量】全国政协委员、北京资产评估协会副会长、中联资产评估集团有限公司董事长范树奎建议引入数字财税第三方专业服务力量，构建农村集体经济组织的数字财税平台和治理体系，为乡村振兴战略实施提供坚实保障，力促共同富裕。​​​,大荔检察,今天00:34 来自微博国际版,https://weibo.com/5341313217?refer_flag=1001030103_
2022全国两会|全国人大会议议程来了！O2022全国两会|全国人大会议议程来了！​,随翼的雅奴天使,今天00:34 来自学习强国客户端,https://weibo.com/5443319947?refer_flag=1001030103_
牢记使命尽职尽责——热烈祝贺全国两会胜利召开O牢记使命尽职尽责——热烈祝贺全国两会胜利召开​,手机用户2547463517,今天00:34 来自学习强国客户端,https://weibo.com/2547463517?refer_flag=1001030103_
#100秒速览政府工作报告要点#【带“画”的《政府工作报告》】民生无小事，一枝一叶总关情。3月5日，2022年《政府工作报告》如约而至。去年，我国居民消费价格上涨0.9%、居民人均可支配收入实际增长8.1%、新开工改造城镇老旧小区5.6万个......报告中这些民生问题的最终答案，一字一句都洋溢着浓浓的“幸​展开c,武汉新闻,今天00:33 来自iPhone客户端,https://weibo.com/2913232887?refer_flag=1001030103_
#全国两会#还是女性代表知道女性需要什么希望男性强制产假赶紧安排上​,小野琪喵,今天00:33 来自iPhone客户端,https://weibo.com/2761324333?refer_flag=1001030103_
#2022看两会##建议硕士研究生招生改为申请制#建议同一专业的专业课考试可设置不同类型的全国卷（类似英语1-3），复试各院校自主命题，既保证了公平，又满足了各院校的特殊要求，还能防止腐败！同时增加志愿学校数目，让学生有更多的选择空间，提高硕士研究生录取率，缓解考研压力！​,星月兰亭,今天00:32 来自OPPOA32,https://weibo.com/2681995003?refer_flag=1001030103_
#两会ing#【陈文华委员：进一步加强社区矫正监管】全国政协委员、江西省新余市副市长陈文华建议成立社区矫正法适用研究专门课题组，把情况摸清楚，把症结分析透彻，把改进措施写细、写实、写深。同时，搭建平台打通问题反馈渠道，为今后补充、修改、完善社区矫正制度提供具体材料和数据支撑。,大荔检察,今天00:32 来自微博国际版,https://weibo.com/5341313217?refer_flag=1001030103_
【#王濛聊体育强国那些事儿#】她是王濛，曾斩获4枚冬奥金牌，冬奥会期间她因解说金句频频出圈。2022#全国两会#，“体育强国”也成为热点话题之一。在她看来，竞技体育如何延续，如何让“3亿人参与冰雪”变成可持续性的，变成大家的社会需求，是当下需要重点关注的。L人民日报的微博视频​,武汉新闻,今天00:32 来自iPhone客户端,https://weibo.com/2913232887?refer_flag=1001030103_
【俞敏洪委员：重视青少年抑郁预防和治疗鼓励构建社会支持系统】2022年全国两会正在召开。3月5日，澎湃新闻记者从全国政协委员、新东方教育科技集团董事长俞敏洪处获悉，今年他向大会提交了《关于重视青少...O网页链接体验专业的项目管理系统O网页链接​,ICHUK,今天00:30 来自爱察客,https://weibo.com/2895311343?refer_flag=1001030103_
#2022看全国两会##全国两会云端会客厅#【中国电建集团武汉重工装备有限公司黄炎生：鼓励高端人才到“专精特新”“小巨人”企业来就业】5日晚，长江日报2022全国两会“云端会客厅”继续开播。国家级专精特新“小巨人”代表企业——中国电建集团武汉重工装备有限公司党委书记、执行董事黄炎生提到：希望​展开c,长江日报,今天00:30 来自微博视频号,https://weibo.com/1898268644?refer_flag=1001030103_
//@国家税务总局:#全国两会##2022年《政府工作报告》#【最全！一图读懂《2022年政府工作报告》】最全版来啦！2022年《政府工作报告》一图全读懂，快些收藏！​​​​,新疆税务,今天00:28 来自HarmonyOS设备,https://weibo.com/5279255580?refer_flag=1001030103_
//@国家税务总局:#全国两会##2022年《政府工作报告》#【跟着这条线，穿“阅”今年政府工作报告！】​​​​,新疆税务,今天00:28 来自HarmonyOS设备,https://weibo.com/5279255580?refer_flag=1001030103_
//@国家税务总局:#全国两会##2022年《政府工作报告》#现场视频：完善三孩生育政策配套措施！3岁以下婴幼儿照护费用，纳入个人所得税专项附加扣除。,新疆税务,今天00:28 来自HarmonyOS设备,https://weibo.com/5279255580?refer_flag=1001030103_
//@国家税务总局:#全国两会##2022年《政府工作报告》#将科技型中小企业加计扣除比例从75%提高到100%！,新疆税务,今天00:28 来自HarmonyOS设备,https://weibo.com/5279255580?refer_flag=1001030103_
//@国家税务总局:#全国两会##2022年《政府工作报告》#今年，你的钱袋子有这些大变化！​​​​,新疆税务,今天00:28 来自HarmonyOS设备,https://weibo.com/5279255580?refer_flag=1001030103_
//@国家税务总局:#全国两会##2022年《政府工作报告》#与你有关！政府工作报告里的民生好消息！​​​​,新疆税务,今天00:28 来自HarmonyOS设备,https://weibo.com/5279255580?refer_flag=1001030103_
//@国家税务总局:#全国两会##2022年《政府工作报告》#政府工作报告中的这16个数，必知！,新疆税务,今天00:27 来自HarmonyOS设备,https://weibo.com/5279255580?refer_flag=1001030103_
//@国家税务总局:#全国两会##2022年《政府工作报告》#最新！退税减税！2.5万亿元！​​​​,新疆税务,今天00:27 来自HarmonyOS设备,https://weibo.com/5279255580?refer_flag=1001030103_
//@国家税务总局:#全国两会##2022年《政府工作报告》#刚刚！政府工作报告现场传来这些重磅消息！​​​​,新疆税务,今天00:27 来自HarmonyOS设备,https://weibo.com/5279255580?refer_flag=1001030103_
//@国家税务总局:#全国两会##2022年《政府工作报告》#完善三孩生育政策配套措施​​​​,新疆税务,今天00:27 来自HarmonyOS设备,https://weibo.com/5279255580?refer_flag=1001030103_
【徐景坤委员：#建议硕士研究生招生改为申请制#】#2022全国两会进行时#全国政协委员徐景坤表示，现行硕士研究生招生模式录取方式较单一，仍是唯分数论，且报考硕士研究生的考生只能选择一所志愿学校，对考生风险极大也不公平。建议将硕士研究生招生考试模式改为申请审核制。设立各学科专业等级考试，​展开c,安徽商贸学院警务站,今天00:27 来自HUAWEIP405G,https://weibo.com/3243757400?refer_flag=1001030103_
//@国家税务总局:#全国两会##2022年《政府工作报告》#对这些行业，各项帮扶政策都要予以倾斜！​​​​,新疆税务,今天00:27 来自HarmonyOS设备,https://weibo.com/5279255580?refer_flag=1001030103_
//@国家税务总局:#全国两会##2022年《政府工作报告》#退税！减税！2.5万亿元！​​​​,新疆税务,今天00:27 来自HarmonyOS设备,https://weibo.com/5279255580?refer_flag=1001030103_
//@双鱼西街口碑浴霸二十年:#建议拐卖妇女儿童罪最高调至死刑##江苏省委省政府调查组通报##丰县生育八孩女子事件调查处理情况##全国两会#,戴水晶耳环的张张,今天00:26 来自OPPOReno65G,https://weibo.com/7649954954?refer_flag=1001030103_
【全国两会】全国人大代表邓振龙：坚持为梅州苏区发展鼓与呼O【全国两会】全国人大代表邓振龙：坚持为梅州苏区发展鼓与呼​,德庆县无邪,今天00:25 来自学习强国客户端,https://weibo.com/6518914904?refer_flag=1001030103_
【全国人大代表朱列玉：#再次呼吁取消醉驾罪#】#两会30秒#2022年全国两会期间，全国人大代表、广东国鼎律师事务所主任朱列玉提出，建议取消醉驾型危险驾驶罪。这已是他连续第二年为“取消醉驾入刑”奔走呼告。他表示，取消醉驾型危险驾驶罪并不意味着对酒后驾驶的不法行为不予追究。恰恰相​展开c,三峡晚报,今天00:25 来自iPhone客户端,https://weibo.com/2216791820?refer_flag=1001030103_
//@国家税务总局:#全国两会##2022年《政府工作报告》#中央对地方转移支付增加约1.5万亿元，为多年来最大增幅！​​​​,新疆税务,今天00:25 来自HarmonyOS设备,https://weibo.com/5279255580?refer_flag=1001030103_
//@国家税务总局:#全国两会##2022年《政府工作报告》#预期目标：今年GDP增长5.5%左右​​​​,新疆税务,今天00:25 来自HarmonyOS设备,https://weibo.com/5279255580?refer_flag=1001030103_
//@国家税务总局:#全国两会##2022年《政府工作报告》#【今早，政府工作报告上的二维码】扫描二维码，里面有栋大楼，一起来看——​​​​,新疆税务,今天00:25 来自HarmonyOS设备,https://weibo.com/5279255580?refer_flag=1001030103_
#全国两会#老实说有些提案我也不太理解。1.考研竟然因为要公平改成申请审核？这哪是公平啊？这不是上赶着让普通学子没有逆袭机会吗？可操作性太强的话只会让“学二代”“富二代”们更有可乘之机啊。2.竟然说酒驾免入刑？我不太理解。现在酒驾基本都可以算是明知故犯了，这不应该重罚吗？​展开c,对称轴与点线面的关系,今天00:25 来自HarmonyOS设备,https://weibo.com/2842071665?refer_flag=1001030103_
#两会知识点##全国两会#咱就是说，有没有人上报取消调休制度啊​,在岸边钓鱼的团子,今天00:24 来自傅诗团的Android,https://weibo.com/1945904515?refer_flag=1001030103_
热热闹闹~#全国两会#L一个人的雅痞的微博视频​,一个人的雅痞,今天00:24 来自微博视频号,https://weibo.com/2804711210?refer_flag=1001030103_
#全国两会##代表建议春节放假10天清明放5天#代表的建议我都列上愿望清单了，不实现我会很失望的​,-whateastwest,今天00:24 来自iPhone13Pro,https://weibo.com/5753949341?refer_flag=1001030103_
【两会微课：#70秒两会知多少#】全国两会是一个汇集民智、反映民意、影响民生的重要政治舞台，每年政府都会回顾去年一年以来的工作再报告下一年的重点政策，影响非常深远。关于两会，你了解多少？#2022看两会#，相关小知识你都掌握了吗？一起了解↓↓O《两会微课》｜两会来了！L人民网的微博视频​​展开c,龙江检察,今天00:23 来自微博视频号,https://weibo.com/5404625835?refer_flag=1001030103_
全國兩會開幕香港要不負中央和人民所望盡快打贏疫戰@微眾電視@香港熱搜大灣#高sir正能量##高sir##不忘初心##高Sir正能量#O全國兩會開幕香港要不負中央和人民所望盡快打贏疫戰​,高松杰-高Sir正能量,今天00:23 来自三星Note20Ultra5G,https://weibo.com/1724170577?refer_flag=1001030103_
时光机带我回到了过去，你也试试？微博回忆//@曾点的微博新生活:#两会建言#让中国人民安居乐业，千万别今天建明天拆，今天修明天扒，那浪费的金钱早够全国贫困人口脱贫了。所有立项要有长远眼光，反复讨论（太困了，不说了）讲究细节，提高品质,曾点的微博新生活,今天00:23 来自iPhone客户端,https://weibo.com/3314185661?refer_flag=1001030103_
【#曾庆洪建议向高收入人群多征个税#】#2022全国两会进行时#据@中国新闻周刊报道：全国人大代表曾庆洪认为，目前个人所得税税率层级制定难以达到合理调节高收入的精准性要求。曾庆洪建议，在个人所得税税率结构优化上，建议适当调整累进税率档次，增加40%的税率档并在高收入人群再增加一档税率，同时​展开c,安徽商贸学院警务站,今天00:23 来自微博视频号,https://weibo.com/3243757400?refer_flag=1001030103_
2022全国两会甘肃时刻：“甘”劲满满开新局、踔厉奋发谱新篇代表委员这样说（一）O网页链接​,简单快乐_200402,今天00:22 来自新甘肃,https://weibo.com/5915610780?refer_flag=1001030103_
#共同关注2022全国两会#【#2022两会日程预告#】3月6日，审议和讨论政府工作报告，人代会审查计划报告和预算报告。​​​#汴地春光好喜迎全国两会#​​​,开封网,今天00:22 来自iPhoneXSMax,https://weibo.com/1916653155?refer_flag=1001030103_
#全国两会#一些提案看得我无语女性生来就要做附属品吗女代表比例还那么少利益越来越向男权和上层阶级倾斜了说好的人民就是统治阶级呢？荒唐！可笑！​,葡萄气泡水咕嘟咕嘟,今天00:22 来自OnePlus5,https://weibo.com/7696355529?refer_flag=1001030103_
#共同关注2022全国两会#【#2022两会日程预告#】3月6日，审议和讨论政府工作报告，人代会审查计划报告和预算报告。​​​#汴地春光好喜迎全国两会#​​​,开封日报,今天00:22 来自iPhone客户端,https://weibo.com/2159765687?refer_flag=1001030103_
【#你好，明天#】国内生产总值增长8.1%，城镇新增就业1269万人，去年成绩单振奋人心；完善三孩生育政策配套措施，让三百六十行行行人才辈出，今年工作安排提气又暖心。“中国人民有战胜任何艰难险阻的勇气、智慧和力量。”戮力同心，勇毅笃行，我们的生活一定更红火，我们的国家一定更富强！#全国两会#​展开c,武汉新闻,今天00:22 来自iPhone客户端,https://weibo.com/2913232887?refer_flag=1001030103_
#共同关注2022全国两会#【#2022两会日程预告#】3月6日，审议和讨论政府工作报告，人代会审查计划报告和预算报告。​​​#汴地春光好喜迎全国两会#​,开封发布,今天00:21 来自iPhone客户端,https://weibo.com/2119985101?refer_flag=1001030103_
#全国两会#一年一次的两会，遇上了冬残奥会，雪容融你不去参加嘛～​,绯雨晴栀,今天00:21 来自佛系追星人Android,https://weibo.com/6284103314?refer_flag=1001030103_
今年，这样干！2022全国两会为你划重点点击查看更多O今年，这样干！2022全国两会为你划重点​,小妖4164,今天00:19 来自iPhone客户端,https://weibo.com/6444732809?refer_flag=1001030103_
#两会看公安#【“云”探访公安系统全国人大代表】,天津治安,今天00:19 来自iPhone12,https://weibo.com/5348495881?refer_flag=1001030103_
#汴地春光好喜迎全国两会#【直播！#当两会遇上奥运#你最关心啥话题？】#两会#时间开启，冬奥会、冬残奥会话题持续热议！体育领域你最关心啥？#后冬奥时代冰雪运动如何可持续发展#？《两会夜话》邀全国政协委员杨扬、杜丽，全国人大代表杨松、曹永鸣，和你云上夜话！（总台记者曾文甫齐莉莉杨弘杨王​展开c,开封日报,今天00:19 来自iPhone客户端,https://weibo.com/2159765687?refer_flag=1001030103_
今年，这样干！2022全国两会为你划重点点击查看更多O今年，这样干！2022全国两会为你划重点​,流年光转_89811,今天00:19 来自iPhone客户端,https://weibo.com/3484168697?refer_flag=1001030103_
【十三届全国人大五次会议新闻发布会侧记】#两会看公安#,天津治安,今天00:19 来自iPhone12,https://weibo.com/5348495881?refer_flag=1001030103_
#两会知识点#今年的政府工作报告当中，有这样一些关键词备受关注、言近旨远，读懂它们，就读懂了这份报告的内在逻辑线。政府工作报告中透露出哪些关键信息？#全国两会##建议硕士研究生招生改为申请制#（央视新闻）​,武汉新闻,今天00:19 来自iPhone客户端,https://weibo.com/2913232887?refer_flag=1001030103_
【#委员建议将家庭付出纳入离婚经济补偿#】#2022全国两会进行时#全国政协委员、上海外国语大学法学院副教授、上海市妇联兼职副主席黄绮建议：司法实务中对离婚经济补偿制度的适用比较谨慎保守，法院在判案适用相关法律种标准并不统一，建议进一步重视离婚案中的经济补偿制度规定的适法统一性，健全家​展开c,安徽商贸学院警务站,今天00:19 来自微博视频号,https://weibo.com/3243757400?refer_flag=1001030103_
#汴地春光好喜迎全国两会##共同关注2022全国两会#【全国政协委员王丽萍：#建议旧口罩纳入垃圾分类管理#】疫情防控常态化下，废旧口罩数量激增，如处理方式不当，有造成环境污染、病毒传播的隐患。全国政协委员王丽萍建议：尽快制定关于废弃口罩管理的专项规定，构建日常废弃口罩回收和集中处置体系。鼓​展开c,开封日报,今天00:19 来自iPhone客户端,https://weibo.com/2159765687?refer_flag=1001030103_
#微观2022全国两会##周深因错过跑男官宣被罚发红包##中国最晚2025年成为高收入国家##江梦南感动中国##致敬一代伟人#你的法倘真维护人民，那群众都要无条件拥护你。你的法倘若歪门邪道的公正，损人民群众利益，助无赖嚣张气焰，欺弱势群体，那别论，几万对于一个代课老师不很多，立案弄上个胳膊青肿，​展开c,老淘淘,今天00:19 来自motorolaedgespro,https://weibo.com/1617355015?refer_flag=1001030103_
#微观2022全国两会##周深因错过跑男官宣被罚发红包##中国最晚2025年成为高收入国家##江梦南感动中国##致敬一代伟人#你的法倘真维护人民，那群众都要无条件拥护你。你的法倘若歪门邪道的公正，损人民群众利益，助无赖嚣张气焰，欺弱势群体，那别论，几万对于一个代课老师不很多，立案弄上个胳膊青肿，​展开c,老淘淘,今天00:18 来自motorolaedgespro,https://weibo.com/1617355015?refer_flag=1001030103_
#汴地春光好喜迎全国两会##共同关注2022全国两会#【两会1+1|数说政府工作报告看解读！】今天上午，#十三届全国人大五次会议开幕#。政府工作报告指出：#今年GDP目标增长5.5%左右#；城镇新增就业1100万人以上；粮食产量保持在1.3万亿斤以上。2022年还有哪些发展目标？中国经济如何实现稳中求进？看↓​展开c,开封日报,今天00:18 来自iPhone客户端,https://weibo.com/2159765687?refer_flag=1001030103_
#全国两会#建议关注小区物业，物业收费不合理，只负责公摊服务却按套内面积收费，随意设立门卡，侵犯住户利益，服务不到位，老百姓没处申诉。2太原​,泡泡糖菇凉,今天00:18 来自Xiaomi12,https://weibo.com/1831952215?refer_flag=1001030103_
激扬精气神汇聚正能量——从全国两会看奋进新征程O激扬精气神汇聚正能量——从全国两会看奋进新征程​,用户6196741316,今天00:18 来自学习强国客户端,https://weibo.com/6196741316?refer_flag=1001030103_
#全国两会#上热搜的提案建议不要建议呢。醉驾不入刑只是加大行政处罚，那说的不好听一点，是不是把人撞死了撞残了只要钱多就可以摆平？关于放假，感觉大家更在乎的是不要调休，该放就放，调个休不就是长时间上班再集中放个假，放假的时候还不安生，公司各种占用。研究生申请制那不纯纯放任内幕了吗？​展开c,77ScHnee,今天00:17 来自HarmonyOS設備,https://weibo.com/6333763295?refer_flag=1001030103_
牢记使命尽职尽责——热烈祝贺全国两会胜利召开O网页链接​,王小喵喵喵呜,今天00:17 来自iPhone客户端,https://weibo.com/3912859034?refer_flag=1001030103_
全国两会|吴金笔代表：传递一线声音，服务基层群众O全国两会|吴金笔代表：传递一线声音，服务基层群众​,手机用户1818959433,今天00:17 来自学习强国客户端,https://weibo.com/1818959433?refer_flag=1001030103_
【中国加油！#人大开幕会全体唱国歌#】十三届全国人大五次会议开幕！全体唱国歌！#全国两会#L人民日报的微博视频​,济宁任城检察,今天00:17 来自微博视频号,https://weibo.com/5490667576?refer_flag=1001030103_
【#王濛聊体育强国那些事儿#】她是王濛，曾斩获4枚冬奥金牌，冬奥会期间她因解说金句频频出圈。2022#全国两会#，“体育强国”也成为热点话题之一。在她看来，竞技体育如何延续，如何让“3亿人参与冰雪”变成可持续性的，变成大家的社会需求，是当下需要重点关注的。L人民日报的微博视频​,无棣县融媒体中心,今天00:17 来自微博视频号,https://weibo.com/7205915083?refer_flag=1001030103_
激扬精气神汇聚正能量——从全国两会看奋进新征程O激扬精气神汇聚正能量——从全国两会看奋进新征程​,米其林之肥鸡哥哥,今天00:17 来自iPhone客户端,https://weibo.com/1784612162?refer_flag=1001030103_
#全国两会#可不可以取消连带责任，为什么要影响孩子三代？不明白这样断送很多孩子的追求2松原​,Sweet-Y颜,今天00:16 来自iPhone客户端,https://weibo.com/2402882361?refer_flag=1001030103_
#汴地春光好喜迎全国两会#【#共同关注2022全国两会#】国内生产总值增长8.1%，城镇新增就业1269万人，去年成绩单振奋人心；完善三孩生育政策配套措施，让三百六十行行行人才辈出，今年工作安排提气又暖心。“中国人民有战胜任何艰难险阻的勇气、智慧和力量。”戮力同心，勇毅笃行，我们的生活一定更红​展开c,开封网,今天00:16 来自微博视频号,https://weibo.com/1916653155?refer_flag=1001030103_
让新时代文明实践和学雷锋志愿服务成为最美的风景#2022年全国两会##2022全国两会聚焦##代表建议#2北京·首都大酒店B座L黄细花的微博视频​,黄细花,今天00:16 来自微博视频号,https://weibo.com/1984203375?refer_flag=1001030103_
#文明之花汴地开##上下同心共筑美好开封#【城乡一体化示范区农业农村局积极开展保护野生动植物宣传活动】#在汴生活幸福多多##汴地春光好喜迎全国两会#3月3日是第九个“世界野生动植物日”。为进一步加大珍稀濒危物种保护宣传，增强公众野生动植物保护意识，推动生态系统保护和修复，努力建设人与自​展开c,开封网,今天00:15 来自iPhoneXSMax,https://weibo.com/1916653155?refer_flag=1001030103_
#文明之花汴地开##汴地春光好喜迎全国两会#【杏花营街道联合相关单位开展“学雷锋我行动”主题活动】#上下同心共筑美好开封#3月4日，城乡一体化示范区杏花营街道联合开封第二中医院飞鹰医疗队、开封蓝天救援队在杏花营街道党群便民服务中心广场开展“学雷锋我行动”主题活动。活动现场，杏​展开c,开封网,今天00:15 来自iPhoneXSMax,https://weibo.com/1916653155?refer_flag=1001030103_
#汴地春光好喜迎全国两会##文明之花汴地开#【兰考县念好“五字诀”志愿服务工作出新出彩】#上下同心共筑美好开封##在汴生活幸福多多#3月5日，兰考县文明办和文明实践服务中心组织志愿者前往分包小区和路段开展“垃圾清零”“乱停乱放整治”“垃圾分类宣传”志愿服务活动。这是该县以志愿者为主体​展开c,开封网,今天00:15 来自iPhoneXSMax,https://weibo.com/1916653155?refer_flag=1001030103_
#2022看全国两会##全国两会云端会客厅#【武汉驿路通科技有限公司李耿博士：统筹规划，实现大、中、小、微企业协同发展】5日晚，长江日报2022全国两会“云端会客厅”继续开播。武汉驿路通科技有限公司技术总监李耿博士提到：武汉有若干支柱产业，希望中小企业找准自己的定位，统筹规划，实现大、中、​展开c,长江日报,今天00:15 来自微博视频号,https://weibo.com/1898268644?refer_flag=1001030103_
#微观2022全国两会##再次呼吁取消醉驾罪##建议硕士研究生招生改为申请制##建议40岁以上中年人才返乡建设倦鸟归巢##建议提高低收入家庭毕业生招录比例#强烈建议有些代表没有好的建议可以不建议呢​,仙桃是什么桃,今天00:14 来自HUAWEIMate20Pro,https://weibo.com/5373531680?refer_flag=1001030103_
#全国两会#【#建议降低托育服务价格#】全国政协委员、北京市卫健委主任于鲁明建议，加快研究制定普惠托育服务支持政策，出台税费减免等资金支持政策，建立完善政府、家庭、机构合理的分摊机制，降低托育服务价格。#建议支持大中专院校开设托育专业#和课程，适当扩大本科高校开设相关专业规模，鼓励院校​展开c,无棣县融媒体中心,今天00:14 来自新版微博weibo.com,https://weibo.com/7205915083?refer_flag=1001030103_
【#建议整治农村高价彩礼#】#周刊君带你看两会#全国人大代表卢天锡表示，彩礼金额逐年走高，尤其是欠发达农村地区更为突出。高价彩礼不仅物化了婚姻，给双方家庭带来许多困扰，也让农村生活负担不断加重。建议从国家层面加大治理力度，让彩礼的意义回归于“礼”。卢天锡建议，不断改善农村生产生活​展开c,生活全报道,今天00:13 来自iPhone客户端,https://weibo.com/1888018193?refer_flag=1001030103_
牢记使命尽职尽责——热烈祝贺全国两会胜利召开O牢记使命尽职尽责——热烈祝贺全国两会胜利召开​,用户6965988829,今天00:13 来自学习强国客户端,https://weibo.com/6965988829?refer_flag=1001030103_
牢记使命尽职尽责——热烈祝贺全国两会胜利召开O牢记使命尽职尽责——热烈祝贺全国两会胜利召开​,用户6965988829,今天00:13 来自学习强国客户端,https://weibo.com/6965988829?refer_flag=1001030103_
【速转！#中国2021成绩单有多亮眼#？#今年两会你最关心啥#】新浪新闻#图数说明书#丨5日，十三届全国人大五次会议在京召开。据会上政府工作报告显示，2021国内生产总值达到114万亿元，增长8.1%。城镇新增就业1269万人。粮食产量达到1.37万亿斤，创历史新高。疫情防控成果持续巩固。落实常态化防控举措，​展开c,安徽商贸学院警务站,今天00:13 来自HUAWEIP405G,https://weibo.com/3243757400?refer_flag=1001030103_
#文明之花汴地开##汴地春光好喜迎全国两会#【杞县开展“学雷锋我行动”文明实践活动】#在汴生活幸福多多#为积极传递“奉献、友爱、互助、进步”的志愿精神，3月5日，杞县新时代文明实践中心联合县妇幼保健院、县老年体协空竹舞龙队、县新时代文明实践中心畅想未来志愿服务队、文化文艺志愿服务队等​展开c,开封发布,今天00:12 来自iPhone客户端,https://weibo.com/2119985101?refer_flag=1001030103_
"好梦好友🎄//@Z有梦有坚持Y:#三月第一天##早上好,加油#//@泰山枯溪://@乐观寸草心://@Z有梦有坚持Y:大家新周愉快微博互动尽量#全国两会#",半亩花田励志语录,今天00:12 来自iPhone6sPlus,https://weibo.com/5633714132?refer_flag=1001030103_
#文明之花汴地开##上下同心共筑美好开封#【“践行价值观･文明我先行”文明实践活动在古城体育公园举办】#汴地春光好喜迎全国两会#3月4日上午，由开封市委宣传部、市文明办主办，顺河回族区委文明办、区新时代文明实践中心等单位承办的市2022年“践行价值观･文明我先行”文明实践活动在古城体育​展开c,开封发布,今天00:12 来自iPhone客户端,https://weibo.com/2119985101?refer_flag=1001030103_
#文明之花汴地开##上下同心共筑美好开封#【城乡一体化示范区农业农村局积极开展保护野生动植物宣传活动】#在汴生活幸福多多##汴地春光好喜迎全国两会#3月3日是第九个“世界野生动植物日”。为进一步加大珍稀濒危物种保护宣传，增强公众野生动植物保护意识，推动生态系统保护和修复，努力建设人与自​展开c,开封发布,今天00:11 来自iPhone客户端,https://weibo.com/2119985101?refer_flag=1001030103_
奋斗吧，中国！（2022全国两会特别版）O奋斗吧，中国！（2022全国两会特别版）​,天道酬勤-飞扬,今天00:11 来自学习强国客户端,https://weibo.com/2684153321?refer_flag=1001030103_
激扬精气神汇聚正能量——从全国两会看奋进新征程O激扬精气神汇聚正能量——从全国两会看奋进新征程​,玉泉民政,今天00:11 来自Android,https://weibo.com/5096859171?refer_flag=1001030103_
#两会知识点#【#目标6%达到8.1%#这份“成绩单”来之不易！】8.1%，是今天公布的《政府工作报告》中提到的2021年我国的经济增速。去年此时为全年设定的增长目标是6%，最终取得这样的成绩可以说是远远好于预期。《政府工作报告》指出，回顾过去一年，成绩得来殊为不易。与此同时，今年我国发展面临的风​展开c,武汉新闻,今天00:11 来自iPhone客户端,https://weibo.com/2913232887?refer_flag=1001030103_
【#王濛聊体育强国那些事儿#】她是王濛，曾斩获4枚冬奥金牌，冬奥会期间她因解说金句频频出圈。2022#全国两会#，“体育强国”也成为热点话题之一。在她看来，竞技体育如何延续，如何让“3亿人参与冰雪”变成可持续性的，变成大家的社会需求，是当下需要重点关注的。L人民日报的微博视频​​​,请你夹上嘴,今天00:11 来自深度报道·视频社区,https://weibo.com/5022887835?refer_flag=1001030103_
#文明之花汴地开##汴地春光好喜迎全国两会#【杏花营街道联合相关单位开展“学雷锋我行动”主题活动】#上下同心共筑美好开封#3月4日，城乡一体化示范区杏花营街道联合开封第二中医院飞鹰医疗队、开封蓝天救援队在杏花营街道党群便民服务中心广场开展“学雷锋我行动”主题活动。活动现场，杏​展开c,开封发布,今天00:11 来自iPhone客户端,https://weibo.com/2119985101?refer_flag=1001030103_
#今日教育头条#【“双减”之后家长的焦虑如何减?】目前，“双减”工作已落地见效，孩子们度过了一个快乐且充实的寒假，在未来如何进一步走实走深？今年全国两会之前，许多代表委员来到了孩子们中间。#家长小课堂#cr:L中国教育电视台的微博视频​​​,不得鸟,今天00:11 来自微博视频号,https://weibo.com/3218669447?refer_flag=1001030103_
#汴地春光好喜迎全国两会##文明之花汴地开#【兰考县念好“五字诀”志愿服务工作出新出彩】#上下同心共筑美好开封##在汴生活幸福多多#3月5日，兰考县文明办和文明实践服务中心组织志愿者前往分包小区和路段开展“垃圾清零”“乱停乱放整治”“垃圾分类宣传”志愿服务活动。这是该县以志愿者为主体​展开c,开封发布,今天00:10 来自iPhone客户端,https://weibo.com/2119985101?refer_flag=1001030103_
#全国两会#【极简版#政府工作报告#来了！】《报告》中都有哪些要点，我们一起看看。#微观两会##豫见新一代#,三门峡市育才中学,今天00:10 来自iPhone客户端,https://weibo.com/5086273975?refer_flag=1001030103_
牢记使命尽职尽责——热烈祝贺全国两会胜利召开O网页链接​,李银超12958,今天00:10 来自iPhone客户端,https://weibo.com/5536032347?refer_flag=1001030103_
牢记使命尽职尽责——热烈祝贺全国两会胜利召开O牢记使命尽职尽责——热烈祝贺全国两会胜利召开​,玉泉民政,今天00:10 来自Android,https://weibo.com/5096859171?refer_flag=1001030103_
#大数据看2022年全国两会关注与期待##聚焦2022全国两会#1、建议：建立全国信访部门统一公开阳光的大监督、大数据、大考核兼具评判功能的平台，监督举报信息24小时滚动播放。①大监督是指整合集合以往所有相关监督举报及建言献策的阳光公开透明平台。②实现大数据的功能，使政务、反腐、民生等等变​展开c,道德经是解决一切问题的法宝,今天00:10 来自搜狗高速浏览器,https://weibo.com/6032602357?refer_flag=1001030103_
#全国两会#同性婚姻合法化，怎么没有被提上来？​,娱乐播报多看点,今天00:09 来自nova5z,https://weibo.com/3190353661?refer_flag=1001030103_
#汴地春光好喜迎全国两会##文明之花汴地开#【兰考县念好“五字诀”志愿服务工作出新出彩】#上下同心共筑美好开封##在汴生活幸福多多#3月5日，兰考县文明办和文明实践服务中心组织志愿者前往分包小区和路段开展“垃圾清零”“乱停乱放整治”“垃圾分类宣传”志愿服务活动。这是该县以志愿者为主体​展开c,开封日报,今天00:09 来自iPhone客户端,https://weibo.com/2159765687?refer_flag=1001030103_
#防止和纠正性别年龄等就业歧视#加快培养制造业高质量发展的急需人才，#让更多劳动者掌握一技之长#，让三百六十行人才辈出。#全国两会##豫见新一代#,三门峡市育才中学,今天00:09 来自iPhone客户端,https://weibo.com/5086273975?refer_flag=1001030103_
//@容县共青团:#2022年全国两会##容县团团微分享#,kkkkkoliva,今天00:09 来自iPhone客户端,https://weibo.com/5738879133?refer_flag=1001030103_
#两会观察团##v评智库#，今天，十三届全国人大五次会议在北京人民大会堂开幕，国务院总理李克强关于政府工作的报告新鲜出炉！上会记者已经到岗，带来更多两会新鲜报道。更有专家记者的后方解读一起讨论两会议案。两会第二天微博时事博主带你一起看两会~赶快关注吧​​​​,微博时事,今天00:09 来自微博weibo.com,https://weibo.com/3787126342?refer_flag=1001030103_
全国两会|一图读懂2022年《政府工作报告》O全国两会|一图读懂2022年《政府工作报告》​,鼓浪常乐,今天00:08 来自学习强国客户端,https://weibo.com/3094411247?refer_flag=1001030103_
聆听全国两会江西好声音『聆听全国两会江西好声音』O网页链接​,鹰潭市广播电视台,今天00:08 来自HUAWEInova2s,https://weibo.com/3962440818?refer_flag=1001030103_
#2022全国两会#能不能建议幼师早晚班，我们中午不休息真的吃不消，一天上班10个小时，不违反劳动法吗？​,封冬冬不哭不哭,今天00:08 来自RedmiK30全速热爱,https://weibo.com/7542267948?refer_flag=1001030103_
//@想不到烦躁2:粤省心服务号小程序举报！投诉！违法犯罪行为单纯停职处理要不要脸//@茶茶茶Chali:#惠州情侣隔离期间狗被打死##全国两会##深圳工作惠州买房靠谱吗##养狗人最害怕的事#,Lbalsam_pear,今天00:08 来自微博国际版,https://weibo.com/3512308481?refer_flag=1001030103_
//@用户广西贵港市国际新城11-2-302:#全国两会##微博爆料#@封面新闻@新民周刊@国际在线新闻@新华国际@人民网@澎湃新闻@北京日报@北京晚报@潇湘晨报@紫光阁@新京报动新闻@红星新闻@南方都市报@南都周刊@中国长安网,山东枣庄女教师张天煜冤案,今天00:07 来自小米9,https://weibo.com/3272068100?refer_flag=1001030103_
#全国两会#全国政协十三届五次会议首场“委员通道”本台记者提问聚焦“双减”话题。#微观两会##豫见新一代#,三门峡市育才中学,今天00:07 来自iPhone客户端,https://weibo.com/5086273975?refer_flag=1001030103_
#全国两会#今年的有些提议真的就离大谱​,高冷大冰块,今天00:07 来自vivoZ5全面实力派,https://weibo.com/6442558954?refer_flag=1001030103_
重磅预告！#2022全国两会L不愧是影帝的微博视频​,不愧是影帝,今天00:07 来自微博视频号,https://weibo.com/6156635731?refer_flag=1001030103_
#微观两会#【全国政协常委吴为山：#建议取消中小学生各种艺术考级#】#2022两会直通车#体育提分、美术纳入中考……新时代学校美育与体育该如何教？#全国两会##2022看两会##一起向未来#,三门峡市育才中学,今天00:07 来自iPhone客户端,https://weibo.com/5086273975?refer_flag=1001030103_
#全国政协委员吴杰庄感激内地援港抗疫#【吴杰庄：带了一颗“感恩的心”到北京，感激内地援港抗疫】近日，全国政协委员吴杰庄接受南都、N视频记者专访时谈及近日内地援港抗疫情况。吴杰庄表示本次来参加两会，带了一颗“感恩的心”来到北京。香港目前正遭受第五波疫情困扰，中央第一时间伸出援手，各部​展开c,N视频,今天00:06 来自微博视频号,https://weibo.com/6217683074?refer_flag=1001030103_
#2022看全国两会#【全国政协委员陈纯星建议：#建议加大对青年人才的各项扶持资助力度#】5日晚，长江日报2022全国两会“云端会客厅”继续开播。全国政协委员、武汉智能电梯有限公司董事长陈纯星做客云端会客厅，他提到：年轻人是创新创业的“主力军”，建议加大对青年人才的各项扶持资助力度。比如科技​展开c,长江日报,今天00:06 来自微博视频号,https://weibo.com/1898268644?refer_flag=1001030103_
【收藏了解#全国两会#是个什么会？】#两会知识快问快答#我们将迎来十三届全国人大五次会议和全国政协十三届五次会议的召开。人大代表怎么产生？什么人可以成为政协委员？2022全国两会这些话题受关注↓↓收好全国两会知识帖，转存学习！​​​,平安长寿,今天00:06 来自新版微博weibo.com,https://weibo.com/2606565220?refer_flag=1001030103_
2022全国两会全面开启，快来参加@新华网#两会知识点#pk赛，一起关注两会！点击链接测一测你的两会知识水平怎么样~O网页链接​,Leo大兔子,今天00:05 来自微博答题,https://weibo.com/7400102137?refer_flag=1001030103_
牢记使命尽职尽责——热烈祝贺全国两会胜利召开O网页链接​,菊花茶满天星,今天00:05 来自iPhone客户端,https://weibo.com/2963837545?refer_flag=1001030103_
#文明之花汴地开##汴地春光好喜迎全国两会#【杏花营街道联合相关单位开展“学雷锋我行动”主题活动】#上下同心共筑美好开封#3月4日，城乡一体化示范区杏花营街道联合开封第二中医院飞鹰医疗队、开封蓝天救援队在杏花营街道党群便民服务中心广场开展“学雷锋我行动”主题活动。活动现场，杏​展开c,开封日报,今天00:05 来自iPhone客户端,https://weibo.com/2159765687?refer_flag=1001030103_
#2022看两会#【徐景坤委员：#建议硕士研究生招生改为申请制#】全国政协委员徐景坤表示，现行硕士研究生招生模式录取方式较单一，仍是唯分数论，且报考硕士研究生的考生只能选择一所志愿学校，对考生风险极大也不公平。建议将硕士研究生招生考试模式改为申请审核制。#全国两会##两会谈教育#,三门峡市育才中学,今天00:05 来自iPhone客户端,https://weibo.com/5086273975?refer_flag=1001030103_
#建议深挖购买黑公关的企业和个人#🙏#建议加大网络暴力处罚力度##全国两会#,水汪汪的汵汵,今天00:05 来自HUAWEIP405G,https://weibo.com/7659157770?refer_flag=1001030103_
//@用户广西贵港市国际新城11-2-302:#全国两会##微博爆料#@封面新闻@新民周刊@国际在线新闻@新华国际@人民网@澎湃新闻@北京日报@北京晚报@潇湘晨报@紫光阁@新京报动新闻@红星新闻@南方都市报@南都周刊@中国长安网,江新司2,今天00:04 来自微博手机版,https://weibo.com/5156756889?refer_flag=1001030103_
我参与了@共青团福建省委发起的投票【全国两会召开的周期是（）。】，我投给了“A.每年”这个选项，你也快来表态吧~,陈K哥哥_303,今天00:04 来自HUAWEIMate305G,https://weibo.com/5135885947?refer_flag=1001030103_
#文明之花汴地开##上下同心共筑美好开封#【城乡一体化示范区农业农村局积极开展保护野生动植物宣传活动】#在汴生活幸福多多##汴地春光好喜迎全国两会#3月3日是第九个“世界野生动植物日”。为进一步加大珍稀濒危物种保护宣传，增强公众野生动植物保护意识，推动生态系统保护和修复，努力建设人与自​展开c,开封日报,今天00:04 来自iPhone客户端,https://weibo.com/2159765687?refer_flag=1001030103_
（两会受权发布）十三届全国人大五次会议在京开幕习近平汪洋王沪宁赵乐际韩正王岐山等在主席台就座李克强作政府工作报告栗战书主持大会听取关于地方组织法修正草案、关于十四届全国人大代表名额和选举问题的决定草案的说明等O（两会受权发布）十三届全国人大五次会议在京开幕​,平凉日报社,今天00:04 来自新版微博weibo.com,https://weibo.com/5365197955?refer_flag=1001030103_
#建议深挖购买黑公关的企业和个人#🙏#建议加大网络暴力处罚力度##全国两会#,瀚瀚晗晗,今天00:04 来自HUAWEIP405G,https://weibo.com/6988357437?refer_flag=1001030103_
好消息！3岁以下婴幼儿照护费用，纳入个人所得税专项附加扣除。#2022全国两会(cr:央视新闻）L无关风月与霜花的微博视频​,无关风月与霜花,今天00:04 来自微博视频号,https://weibo.com/7738884497?refer_flag=1001030103_
#中国人民的勇气智慧和力量#【中国人民有战胜任何艰难险阻的勇气、智慧和力量！】3月5日，#全国两会#。李大大#政府工作报告#：#中国的发展从来都是在应对挑战中前进的#，中国人民有战胜任何艰难险阻的勇气、智慧和力量！2022，中国继续加油！L央视新闻的微博视频​,喜欢就收藏么么哒,今天00:03 来自微博视频号,https://weibo.com/2804873180?refer_flag=1001030103_
#建议加大网络暴力处罚力度##建议加大网络暴力处罚力度##全国两会#,小z的无尽夏,今天00:03 来自HUAWEIMate20Pro,https://weibo.com/6335248686?refer_flag=1001030103_
#2022年全国两会#【小康集团董事长张兴海#建议鼓励年轻人少送外卖多进工厂#O网页链接】评论区亮了。为什么？我认为，作为企业家首先要有社会责任感，合情合理合法地对待工人、友好地对待工人、善良地对待工人……这就是企业家的首要社会责任。人的生命是有限的，不能把青春白白地“​展开c,热浪人间,今天00:03,https://weibo.com/6617783225?refer_flag=1001030103_
【#王濛聊体育强国那些事儿#】她是王濛，曾斩获4枚冬奥金牌，冬奥会期间她因解说金句频频出圈。2022#全国两会#，“体育强国”也成为热点话题之一。在她看来，竞技体育如何延续，如何让“3亿人参与冰雪”变成可持续性的，变成大家的社会需求，是当下需要重点关注的。L人民日报的微博视频​​​,正义南康,今天00:03 来自微博视频号,https://weibo.com/2414369130?refer_flag=1001030103_
#文明之花汴地开##上下同心共筑美好开封#【“践行价值观･文明我先行”文明实践活动在古城体育公园举办】#汴地春光好喜迎全国两会#3月4日上午，由开封市委宣传部、市文明办主办，顺河回族区委文明办、区新时代文明实践中心等单位承办的市2022年“践行价值观･文明我先行”文明实践活动在古城体育​展开c,开封日报,今天00:03 来自iPhone客户端,https://weibo.com/2159765687?refer_flag=1001030103_
#天山南北看全国两会#【石榴云连线北京|记者Vlog：夜已深，人大代表们在干啥？】察民情、听民声、表民意，这是人大代表最重要的使命。重任在肩，新疆全国人大代表们一刻也不懈怠。3月4日晚，石榴云/新疆日报记者在会前探访代表驻地，一段视频，带大家看看代表们为参会做着哪些准备。​展开c,天山网,今天00:03 来自微博视频号,https://weibo.com/1904947977?refer_flag=1001030103_
【3月5日完整版#两会1+1#】今天（3月5日）上午，第十三届全国人民代表大会第五次会议开幕，而在会议议程中，最受关注的，是国务院总理李克强，代表国务院向大会所做的#政府工作报告#，今年的报告有哪些重点与亮点？#今年两会首场代表通道#开启，我们又该如何看待已经建立五年的“代表通道”？董倩、白​展开c,正义南康,今天00:03 来自微博视频号,https://weibo.com/2414369130?refer_flag=1001030103_
#微观2022全国两会##2022年全国两会##中央政法委长安剑##全国两会##两会##法治中国##新浪看点#把中华民族的优良传统传承下去_见义勇为舍己救人是中华民族传统美德怎能打击报复迫害？​​​我发表了头条文章:《见义勇为舍己救人令相关部门领导如此憎恨吗？救人有错吗？》​​​​​​​​​​​​展开c,殷亚华无悔,今天00:02 来自红米Redmi,https://weibo.com/3911611907?refer_flag=1001030103_
#微观2022全国两会#真心话，封号我也得说。一些所谓的代表没有好的建议可以不提，好好的两会，被一些不带脑子或者带着歪脑子的代表硬是搞成一年一度奇葩大赏，浪费各级经费，戏弄人民感情，抹黑政治环境，让百姓看了生气心寒。真的大可不必。强烈呼吁：提出奇葩议题两次以上的代表，剥夺其当选代表​展开c,荡睫毛的小秋千,今天00:01 来自iPhone客户端,https://weibo.com/1763641060?refer_flag=1001030103_
今日知之▏涨知识！十个知识点带你了解全国两会O网页链接​,孙一峰偶尔是我大哥,今天00:01 来自学习强国客户端,https://weibo.com/3179064263?refer_flag=1001030103_
//@双鱼西街口碑浴霸二十年:#建议拐卖妇女儿童罪最高调至死刑##江苏省委省政府调查组通报##丰县生育八孩女子事件调查处理情况##全国两会#,婷婷娃想去周游世界,今天00:01 来自iPhone客户端,https://weibo.com/1769515651?refer_flag=1001030103_
【#两岸同胞要共创民族复兴的光荣伟业#】3月5日，#全国两会#。李大大政府工作报告：我们要坚持对台工作大政方针，贯彻新时代党解决台湾问题的总体方略，坚持一个中国原则和“九二共识”，推进两岸关系和平发展和祖国统一。坚决反对“台独”分裂行径，坚决反对外部势力干涉。两岸同胞要和衷共济，共创​展开c,喜欢就收藏么么哒,今天00:01 来自微博视频号,https://weibo.com/2804873180?refer_flag=1001030103_
#两会#【全国政协委员王丽萍：#建议旧口罩纳入垃圾分类管理#】,龙江检察,今天00:01 来自HUAWEIMate30Pro5G,https://weibo.com/5404625835?refer_flag=1001030103_
#全国两会#建议大学取消期末考试​,芋泥爱好者ing,今天00:01 来自iPhone客户端,https://weibo.com/5640104437?refer_flag=1001030103_
【#政协委员建议第三孩免费上幼儿园#】#2022全国两会进行时#关于三孩政策背景下如何提高生育意愿，全国政协委员张俊廷十分关切。他表示国家放开三孩，虽然有了政策，但是很多年轻人生育率还是不高，张俊廷关注到，其中的困难之一在于，很多家庭考虑到培养一个孩子需要耗费大量精力和经济成本，很有可​展开c,安徽商贸学院警务站,今天00:01 来自HUAWEIP405G,https://weibo.com/3243757400?refer_flag=1001030103_
#文明之花汴地开##汴地春光好喜迎全国两会#【杞县开展“学雷锋我行动”文明实践活动】#在汴生活幸福多多#为积极传递“奉献、友爱、互助、进步”的志愿精神，3月5日，杞县新时代文明实践中心联合县妇幼保健院、县老年体协空竹舞龙队、县新时代文明实践中心畅想未来志愿服务队、文化文艺志愿服务队等​展开c,开封日报,今天00:01 来自iPhone客户端,https://weibo.com/2159765687?refer_flag=1001030103_
#政府工作报告#【转存！#2021中国成绩单#】这一年，全国上下共同努力，这些成绩来之不易↓↓#全国两会#​​​,无棣县融媒体中心,今天00:01 来自新版微博weibo.com,https://weibo.com/7205915083?refer_flag=1001030103_
#云观两会##全国两会2022#【2022两会日程预告】3月6日，审议和讨论政府工作报告，人代会审查计划报告和预算报告。​,海峡之声,今天00:01 来自新版微博weibo.com,https://weibo.com/5519666559?refer_flag=1001030103_
#全国两会#真的发现今年人大有点离谱什么乱七八糟提议都有进厂打工取消醉驾？？现在当人大是不用门槛吗都大街上抓过去的？这种人就是浪费时间这种nc问题还需要讨论？​,元気小行星,今天00:00 来自iPhone客户端,https://weibo.com/3026257977?refer_flag=1001030103_
2022全国两会奔腾融媒特别策划|内蒙古只此青绿O2022全国两会奔腾融媒特别策划|内蒙古只此青绿​,乌海头条,今天00:00 来自HUAWEIP30Pro,https://weibo.com/5979095879?refer_flag=1001030103_
#委员出镜#【中考“普职分流”，真的一半人不能上高中？】#2022全国两会特别报道#“两会时间”到！咱人民政协报·人民政协网特邀委员记者又带着大家关心的话题走来了，看看今天这期委员们都在聚焦啥？很多家长对普职分流感到压力，有人提出能不能让孩子高中毕业后再分流？是否只要加大对中职的投入和​展开c,人民政协报,今天00:00 来自微博视频号,https://weibo.com/1117069645?refer_flag=1001030103_
【#3岁以下婴幼儿照护费用进个税专项扣除#】3月5日，#全国两会#。李大大政府工作报告：将3岁以下婴幼儿照护费用纳入个人所得税专项附加扣除。L央视新闻的微博视频​,喜欢就收藏么么哒,今天00:00 来自微博视频号,https://weibo.com/2804873180?refer_flag=1001030103_
【3月5日完整版#两会1+1#】今天（3月5日）上午，第十三届全国人民代表大会第五次会议开幕，而在会议议程中，最受关注的，是国务院总理李克强，代表国务院向大会所做的#政府工作报告#，今年的报告有哪些重点与亮点？#今年两会首场代表通道#开启，我们又该如何看待已经建立五年的“代表通道”？董倩、白​展开c,新闻一加一,今天00:00 来自微博视频号,https://weibo.com/1737943044?refer_flag=1001030103_
第一报道｜重温习近平两会金句，世界读懂中国发展理念网站链接：O网页链接2022年全国两会已拉开帷幕。党的十八大以来，每年两会期间，习近平总书记都要与代表委员共商国是。在习近平总书记一系列重要论述中，创新、协调、绿色、开放、共享的新发展理念高频出现，引起各国人士强烈共鸣，​展开c,吕梁广播电视台,今天00:00 来自微博weibo.com,https://weibo.com/6568854262?refer_flag=1001030103_
#全国两会#@央视新闻@人民日报希望能好好查查！//@奏耐天津:录音显示：市教委、市政府已经介入。,涅槃西斯,今天00:00 来自nova7你在焦点在,https://weibo.com/6317553683?refer_flag=1001030103_
【#王濛聊体育强国那些事儿#】她是王濛，曾斩获4枚冬奥金牌，冬奥会期间她因解说金句频频出圈。2022#全国两会#，“体育强国”也成为热点话题之一。在她看来，竞技体育如何延续，如何让“3亿人参与冰雪”变成可持续性的，变成大家的社会需求，是当下需要重点关注的。L人民日报的微博视频​,环球时报,今天00:00 来自微博视频号,https://weibo.com/1974576991?refer_flag=1001030103_
#全国两会#继续支持小微企业，打击资本垄断，打击资本控制的连锁店行为，让年轻人有上升通，有创业激情2北京·北京1039魏工修车摩圣旗舰店​,汽车专家魏杰,今天00:00 来自iPhone12mini,https://weibo.com/2361091894?refer_flag=1001030103_
#两会#【两会说环保|“一滴水可以折射出太阳的光辉”——全国两会首场“代表通道”基层代表谈生态环境保护（中国环境）】3月5日上午，十三届全国人大五次会议在人民大会堂开幕。会议开始前，8位来自基层一线的人大代表走上“代表通道”，并通过网络视频方式接受记者采访。​​​​展开c,龙泉驿生态环境,03月05日23:59 来自nova4自拍极点全面屏,https://weibo.com/3171521155?refer_flag=1001030103_
#全国两会#【2022年政府工作报告为教育划重点】3月5日，国务院总理李克强作政府工作报告时，回顾了2021年工作，介绍了2022年政府工作任务。政府工作报告为教育划了哪些重点？一起来了解。#两会教育声音##两会##两会谈教育#L中国教育电视台的微博视频​​​,三门峡市育才中学,03月05日23:59 来自iPhone客户端,https://weibo.com/5086273975?refer_flag=1001030103_
『2022全国两会甘肃时刻』O2022全国两会甘肃时刻​,文县文体广电和旅游局,03月05日23:59 来自nova7Pro你在焦点在,https://weibo.com/3937127550?refer_flag=1001030103_
聚焦2022年全国两会知识专题党课PPT模板（内含WORD演讲稿）下载地址：O网页链接2022年全国两会两会看点新征程两会聚焦两会人大政府工作2022两会2022政府工作报告人大会议2022两会报告2022两会党课两会党课两会内容两会ppt两会素材政府工作报告2022政府工作2022政府报告​展开c,微图网,03月05日23:59 来自微博视频号,https://weibo.com/1959094514?refer_flag=1001030103_
#聚焦两会#2022年全国两会近日开幕O聚焦两会｜2022年全国两会近日开幕​,昆明五华龙翔街道办事处,03月05日23:59 来自微博weibo.com,https://weibo.com/6890125674?refer_flag=1001030103_
