微博内容,发布者名称,发布时间以及设备,发布者主页
#湖北医药学院##湖医药新闻网#【校党委中心组举行2月集中学习】2月23日下午，校党委中心组在科教科举行了2月集中（扩大）学习，校党委中心组成人员及领导负责人都参与进来，校党委书记涂汉军主持学习活动并作总结讲话。会上，党委书记涂汉军传达了习近平总书记贯彻党的十九届六中​展开c,湖北医药学院,4分钟前 来自OPPOReno4SE5G,https://weibo.com/2377265634?refer_flag=1001030103_
【2022人民银行招聘笔试线上备考方案】内含：中国人民银行高分网络课程、历年真题及解析、会计专业知识、法律备考资料、时政汇总、十九届六中全会等、银行金融经济必刷2000题。扫码【免费】领！​,新途径教育,5分钟前 来自微博weibo.com,https://weibo.com/2798794197?refer_flag=1001030103_
【南湖·初心讲堂“365天天讲”之学习贯彻党的十九届六中全会精神专题｜如何理解党的十八大以来党在革命性锻造中更加坚强？】党的十九届六中全会是在我们党走过百年光辉历程的重大时刻，站在“两个一百年”奋斗目标的历史交汇点上召开的一次具有重大里程碑意义的重要会议。全会审议通过《中共中央关于党​展开c,嘉兴发布,19分钟前 来自政务直通车,https://weibo.com/5279514376?refer_flag=1001030103_
#汉中检察微检讯#【贯彻学习十九届六中全会精神｜响应号召勇毅前行】,西乡县检察院,20分钟前 来自荣耀505G,https://weibo.com/5274645521?refer_flag=1001030103_
尹弘在省市党政主要领导干部学习贯彻党的十九届六中全会精神专题研讨班开班式上强调：从百年党史中汲取智慧和力量，把甘肃现代化事业不断推向前进@QQ浏览器O网页链接​,雁南街道办事处,24分钟前 来自HUAWEIMate40Pro,https://weibo.com/2793569092?refer_flag=1001030103_
发布了头条文章：《尹弘在省市党政主要领导干部学习贯彻党的十九届六中全会精神专题研讨》#十九届六中全会##专题研讨#O尹弘在省市党政主要领导干部学习贯彻党的十九届六中全会精神专题研讨​,兰州市城关区总工会,32分钟前 来自微博weibo.com,https://weibo.com/7496451406?refer_flag=1001030103_
【讲习所开讲了丨读懂这场广泛而深刻的革命】法治，关系到社会生活的方方面面。2020年11月，中国共产党的历史上首次召开的中央全面依法治国工作会议，将习近平法治思想明确为全面依法治国的指导思想。党的十九届六中全会以“十个明确”对习近平新时代中国特色社会主义思想作出概括，其中一个“明确”​展开c,志丹检察,36分钟前 来自iPhone客户端,https://weibo.com/5604108581?refer_flag=1001030103_
每日金句|习近平论增强“四个自信”学习和总结党的历史，就要从中增强道路自信、理论自信、制度自信、文化自信，咬定青山不放松，风雨无阻向前进。——习近平2021年11月11日在党的十九届六中全会第二次全体会议上的讲话​,秦皇岛共青团,44分钟前 来自iPhone客户端,https://weibo.com/1134960503?refer_flag=1001030103_
#成都校园#【@四川农业大学水利水电学院星图·薪火团队寒假社会实践纪实】2022年1月13日至2月10日，团队在雅安雨城区沙湾路社区和桐梓林社区开展十九届六中全会精神宣讲及情景剧展示和诗歌朗诵，深切表达了党带领人民百年筚路蓝缕所取得的伟大成就。宣讲结束后，团队对问卷进行分析并分别前​展开c,成都校园,今天12:11 来自HUAWEIP30,https://weibo.com/1986895011?refer_flag=1001030103_
#七讲七进在吉林#【吉报集团城市晚报记者吕闯：走进长光卫星共话科技创新】提起“吉林一号”卫星，国人们都引以为傲，目前在轨运行的31颗卫星，向全球提供了高效、高质量的遥感信息服务。1月10日，吉报集团城市晚报全媒体记者，党的十九届六中全会精神“七讲七进”理论宣讲员吕闯走进这家中国第一​展开c,吉林日报,今天12:11 来自微博视频号,https://weibo.com/3242792887?refer_flag=1001030103_
#喜迎二十大#【人民日报评论员：在党的二十大代表选举中进一步提高党内民主质量和实效】当前，全党正深入学习贯彻党的十九届六中全会精神，开展党的二十大代表选举工作。坚持党的领导与发扬民主相统一，严格按规定程序选好二十大代表，是增强代表先进性和广泛代表性的重要保证。各级党组织要坚持以习​展开c,民族文化宫,今天12:00 来自新版微博weibo.com,https://weibo.com/5182174019?refer_flag=1001030103_
#志愿服务温暖在榕城#【福州将开展“福”文化志愿服务活动】2月23日，福州市召开学习贯彻《福建省志愿服务条例》暨推进新时代学雷锋志愿服务工作座谈会，贯彻落实党的十九届六中全会精神，学习宣传贯彻《福建省志愿服务条例》，再部署再动员再落实志愿服务工作，推进我市学雷锋志愿服务再上新水平。​展开c,福州晚报,今天11:52 来自微博weibo.com,https://weibo.com/2540184984?refer_flag=1001030103_
【刘超在全省科技工作会议上强调从全局谋划一域以一域服务全局奋力开创全省科技事业发展新局面】2月23日，全省科技工作会议召开。会议深入贯彻落实党的十九届六中全会、中央经济工作会议、全国科技工作会议和省“两会”精神，总结去年科技工作，分析当前形势，部署今年重点任务。副省长刘超出席并讲​展开c,青海政务,今天11:40 来自微博weibo.com,https://weibo.com/3979704239?refer_flag=1001030103_
张家界市主要领导干部学习贯彻党的十九届六中全会精神专题读书班开班O网页链接​,张家界网信,今天11:33 来自分享按钮,https://weibo.com/3255735177?refer_flag=1001030103_
【坚持问题导向把握重点和关键推动中央生态环保督察工作不断向纵深发展】中共中央政治局常委、国务院副总理、中央生态环境保护督察工作领导小组组长韩正22日主持召开中央生态环境保护督察工作领导小组会议，深入学习贯彻习近平生态文明思想，贯彻落实党的十九届六中全会和中央经济工作会议精神，审​展开c,南京生态环境,今天11:30 来自微博weibo.com,https://weibo.com/2131828884?refer_flag=1001030103_
【CCTV新闻联播｜韩正主持召开中央生态环境保护督察工作领导小组会议】中共中央政治局常委、国务院副总理、中央生态环境保护督察工作领导小组组长韩正22日主持召开中央生态环境保护督察工作领导小组会议，深入学习贯彻习近平生态文明思想，贯彻落实党的十九届六中全会和中央经济工作会议精神，审议第二​展开c,张掖生态环境,今天11:27 来自微博视频号,https://weibo.com/5372863321?refer_flag=1001030103_
【甘肃省女子强戒所召开党委扩大会议研究部署2022年重点工作】@甘肃戒毒@甘肃省女子强制隔离戒毒所本网讯2月22日，甘肃省女子强制隔离戒毒所召开党委扩大会议，专题研究2022年重点工作任务。除封闭执勤外的所党委委员、三级以上高级警长和各部门负责人参加会议。会议指出，站在新起点，踏上新征程​展开c,甘肃省司法厅官微,今天11:24 来自新版微博weibo.com,https://weibo.com/5770875147?refer_flag=1001030103_
【“十个明确”系列谈|#让当代中国马克思主义放射出更加灿烂的真理光芒#——“十个明确”彰显马克思主义中国化新飞跃】党的十九届六中全会审议通过《中共中央关于党的百年奋斗重大成就和历史经验的决议》，用“十个明确”概括了习近平新时代中国特色社会主义思想的核心内容。深刻回答了新时代坚持和​展开c,江西省青年联合会,今天11:23 来自nova7你在焦点在,https://weibo.com/7588270827?refer_flag=1001030103_
【李鸿忠廖国勋与国家管网集团董事长张伟会谈】　　23日下午，滨海新区区政府与国家石油天然气管网集团有限公司签署战略合作框架协议，深化与我市在能源基础设施建设等领域长期合作，明确将在滨海新区筹建天津区域总部基地。市委书记李鸿忠，市委副书记、市长廖国勋与国家管网集团董事长、党组书记张​展开c,宝坻发布,今天11:23 来自新版微博weibo.com,https://weibo.com/3308008187?refer_flag=1001030103_
【社论｜踔厉奋发向未来——热烈祝贺市十八届人大一次会议隆重开幕】天地春晖近，日月开新元。市十八届人大一次会议昨日隆重开幕了。肩负人民重托，心系百姓梦想，全市人大代表欢聚一堂，共谋发展良策，齐绘美好未来。我们对大会的召开表示热烈祝贺！这次大会，是在“两个一百年”奋斗目标历史交汇的​展开c,济宁晚报,今天11:22 来自360安全浏览器,https://weibo.com/2300279655?refer_flag=1001030103_
龙里县民政局组织开展村（社区）“两委”干部培训为提升新一届村（社区）干部服务基层、服务群众、振兴乡村的能力，2022年2月22日，县民政局、县委党校和县委组织部联合举办了第2期村（社区）“两委”委员履职能力提升培训班。本期培训班采取专题教学、现场教学等方式进行，培训课程涵盖党的​展开c,龙里民政,今天11:15 来自新版微博weibo.com,https://weibo.com/6070852044?refer_flag=1001030103_
【让当代中国马克思主义放射出更加灿烂的真理光芒——“十个明确”彰显马克思主义中国化新飞跃】习近平新时代中国特色社会主义思想是当代中国马克思主义、二十一世纪马克思主义，是中华文化和中国精神的时代精华，实现了马克思主义中国化新的飞跃。　　党的十九届六中全会审议通过《中共中央关于党的​展开c,一点资讯广东,今天11:11 来自新版微博weibo.com,https://weibo.com/2294848190?refer_flag=1001030103_
【努力实现绿色成为普遍形态的发展】绿色是高质量发展的底色，是永续发展的必要条件和人民对美好生活追求的重要体现。党的十九届六中全会《决议》提出：“实现创新成为第一动力、协调成为内生特点、绿色成为普遍形态、开放成为必由之路、共享成为根本目的的高质量发展”。实现绿色成为普遍形态的发展，​展开c,南京生态环境,今天11:10 来自微博weibo.com,https://weibo.com/2131828884?refer_flag=1001030103_
【“十个明确”系列谈|#让当代中国马克思主义放射出更加灿烂的真理光芒#——“十个明确”彰显马克思主义中国化新飞跃】党的十九届六中全会审议通过《中共中央关于党的百年奋斗重大成就和历史经验的决议》，用“十个明确”概括了习近平新时代中国特色社会主义思想的核心内容。深刻回答了新时代坚持和​展开c,天祝县融媒体中心,今天11:09 来自新版微博weibo.com,https://weibo.com/7454129088?refer_flag=1001030103_
【李鸿忠廖国勋与国家管网集团董事长张伟会谈】23日下午，滨海新区区政府与国家石油天然气管网集团有限公司签署战略合作框架协议，深化与我市在能源基础设施建设等领域长期合作，明确将在滨海新区筹建天津区域总部基地。市委书记李鸿忠，市委副书记、市长廖国勋与国家管网集团董事长、党组书记张伟，总​展开c,网信北辰,今天11:08 来自微博weibo.com,https://weibo.com/6394933755?refer_flag=1001030103_
《省市党政主要领导干部学习贯彻党的十九届六中全会精神专题研讨班在省委党校（甘肃行政学院）开班》O省市党政主要领导干部学习贯彻党的十九届六中全会精神专题研讨班开班​,甘肃生态环境,今天11:08 来自微博weibo.com,https://weibo.com/6251840658?refer_flag=1001030103_
新华社北京2月23日电中共中央政治局常委、国务院副总理、中央生态环境保护督察工作领导小组组长韩正22日主持召开中央生态环境保护督察工作领导小组会议，深入学习贯彻习近平生态文明思想，贯彻落实党的十九届六中全会和中央经济工作会议精神，审议第二轮第五批中央生态环境保护督察报告，研究部署第二​展开c,民勤县融媒体中心,今天11:04 来自新版微博weibo.com,https://weibo.com/7337509043?refer_flag=1001030103_
踔厉奋发开新局笃行不怠启征程——我馆党支部举行2月主题党日活动为深入贯彻落实党的十九届六中全会精神，引导党员从党的百年奋斗历程中汲取精神力量，深化对新时代党的创新理论的理解和掌握，增强全面从严治党永远在路上的坚定和执着，2022年2月17日，我馆党支部举行“踔厉奋发开新局?笃行不怠启征​展开c,翠亨孙中山故居纪念馆,今天11:03 来自新版微博weibo.com,https://weibo.com/2308386672?refer_flag=1001030103_
#辽宁##政法#[于天敏在辽宁政法领导干部专题培训班开班式上要求扎实推进政法工作高质量发展]辽宁全省政法领导干部学习贯彻党的十九届六中全会精神、落实省第十三次党代会部署专题培训班开班式今天在沈阳举行。省委常委、政法委书记于天敏出席开班式并做动员讲话。O网页链接​,法制与新闻杂志社,今天11:03 来自微博weibo.com,https://weibo.com/1046183075?refer_flag=1001030103_
【#时代楷模#丨影视剧展播之《邹碧华》】为深入贯彻落实党的十九届六中全会精神，进一步增强“时代楷模”典型宣传的吸引力和影响力，丰富群众精神文化生活，弘扬主流价值、引领社会风尚，遴选了一批“时代楷模”主题作品进行公益展播。今天推出“时代楷模”影视剧展播之《邹碧华》。​展开c,榆林TV,今天11:03 来自HUAWEIP405G,https://weibo.com/5262218278?refer_flag=1001030103_
【让当代中国马克思主义放射出更加灿烂的真理光芒——“十个明确”彰显马克思主义中国化新飞跃】习近平新时代中国特色社会主义思想是当代中国马克思主义、二十一世纪马克思主义，是中华文化和中国精神的时代精华，实现了马克思主义中国化新的飞跃。党的十九届六中全会审议通过《中共中央关于党的百​展开c,湛江发布,今天11:02 来自360安全浏览器,https://weibo.com/3980043846?refer_flag=1001030103_
#廊坊新闻#【安次区一季度18个重点项目集中开工】2月17日，安次区第一季度18个重点项目集中开工，总投资113.89亿元。项目涵盖新一代信息技术、新材料、基础设施和民生工程等六大领域，为全年工作“开门红”提供了有力支撑。本次集中开工建设的18个项目全部建成后预计年营业额达38.25亿元，税收贡献3​展开c,廊坊政务,今天11:02 来自新版微博weibo.com,https://weibo.com/7451851630?refer_flag=1001030103_
【李鸿忠廖国勋与国家管网集团董事长张伟会谈】本报讯（记者魏彧于春沣）23日下午，滨海新区区政府与国家石油天然气管网集团有限公司签署战略合作框架协议，深化与我市在能源基础设施建设等领域长期合作，明确将在滨海新区筹建天津区域总部基地。市委书记李鸿忠，市委副书记、市长廖国勋与国家管网​展开c,网信南开,今天10:59 来自微博weibo.com,https://weibo.com/6185175828?refer_flag=1001030103_
【嘉峪关市组织开展2021年度法治建设实地考评工作】@嘉峪关司法本网讯（通讯员陆怀天）为全面总结和评价2021年度全市法治建设工作情况，2月21日至23日，中共嘉峪关市委依法治市办抽调相关人员组成7个组深入各部门、各单位开展实地考评工作。本次考评采取实地查看、座谈交流、查阅资料等方式，重​展开c,甘肃省司法厅官微,今天10:56 来自新版微博weibo.com,https://weibo.com/5770875147?refer_flag=1001030103_
【政务信息|全市领导干部学习贯彻党的十九届六中全会精神专题研讨班开班式举行等】O政务信息|全市领导干部学习贯彻党的十九届六中全会精神专题研讨班开班式举行等​,淮南市人民政府发布,今天10:56 来自微博weibo.com,https://weibo.com/5797955552?refer_flag=1001030103_
李鸿忠廖国勋与国家管网集团董事长张伟会谈美丽武清本报讯（记者魏彧于春沣）23日下午，滨海新区区政府与国家石油天然气管网集团有限公司签署战略合作框架协议，深化与我市在能源基础设施建设等领域长期合作，明确将在滨海新区筹建天津区域总部基地。市委书记李鸿忠，市委副书记、市长廖国勋与国​展开c,古镇新城泗村店,今天10:55 来自微博weibo.com,https://weibo.com/6578176855?refer_flag=1001030103_
尹弘在省市党政主要领导干部学习贯彻党的十九届六中全会精神专题研讨班开班式上强调：从百年党史中汲取智慧和力量，把甘肃现代化事业不断推向前进O网页链接​,网信平川,今天10:51 来自HUAWEIP40Pro5G,https://weibo.com/7415823574?refer_flag=1001030103_
【讲习所开讲了丨读懂这场广泛而深刻的革命】法治，关系到社会生活的方方面面。2020年11月，中国共产党的历史上首次召开的中央全面依法治国工作会议，将习近平法治思想明确为全面依法治国的指导思想。党的十九届六中全会以“十个明确”对习近平新时代中国特色社会主义思想作出概括，其中一个“明确”​展开c,东丰检察,今天10:50 来自iPhone客户端,https://weibo.com/6378337633?refer_flag=1001030103_
发布了头条文章：《继续深入学习十九届六中全会精神，以党建促进业务工作开展》O继续深入学习十九届六中全会精神，以党建促进业务工作开展​,北海市综合行政执法局,今天10:49 来自微博weibo.com,https://weibo.com/7073723202?refer_flag=1001030103_
【讲习所开讲了丨读懂这场广泛而深刻的革命】法治，关系到社会生活的方方面面。2020年11月，中国共产党的历史上首次召开的中央全面依法治国工作会议，将习近平法治思想明确为全面依法治国的指导思想。党的十九届六中全会以“十个明确”对习近平新时代中国特色社会主义思想作出概括，其中一个“明确”​展开c,淄博检察,今天10:47 来自微博视频号,https://weibo.com/5385579770?refer_flag=1001030103_
【李鸿忠廖国勋与国家管网集团董事长张伟会谈】O李鸿忠廖国勋与国家管网集团董事长张伟会谈本报讯（记者魏彧于春沣）23日下午，滨海新区区政府与国家石油天然气管网集团有限公司签署战略合作框架协议，深化与我市在能源基础设施建设等领域长期合作，明确将在滨海新区筹建天津区域总部基地。市委书记李鸿忠，市委副书记​展开c,网信宝坻,今天10:44 来自微博weibo.com,https://weibo.com/6389547884?refer_flag=1001030103_
【胡忠雄：奋力推动新时代统战工作高质量发展为“强省会”行动作出新的更大贡献】@贵阳新闻网【胡忠雄：奋力推动新时代统战工作高质量发展为“强省会”行动作出新的更大贡献】#强省会贵阳贵安在行动#2月23日，省委常委、市委书记胡忠雄调研市委统战部，走访各民主党派市委（支部）、市工商联机关​展开c,法制生活报,今天10:40 来自新版微博weibo.com,https://weibo.com/5832495411?refer_flag=1001030103_
#正风反腐在行动#【如何坚持中国道路坚定不移走中国特色反腐败之路】方向决定道路，道路决定命运。党的十九届六中全会审议通过的《中共中央关于党的百年奋斗重大成就和历史经验的决议》强调，党在百年奋斗中始终坚持从我国国情出发，探索并形成符合中国实际的正确道路，并把坚持中国道路作为百年奋斗​展开c,廉洁上海,今天10:36 来自微博weibo.com,https://weibo.com/3535242221?refer_flag=1001030103_
【全省领导干部学习贯彻党的十九届六中全会和省委十二届十次全会精神专题研讨班举行国发〔2022〕2号文件解读报告会】O全省领导干部学习贯彻党的十九届六中全会和省委十二届十次全会精神专题研讨班举行国发〔2022〕2号文件解读报告会​,中国黔南,今天10:35 来自微博weibo.com,https://weibo.com/5109010241?refer_flag=1001030103_
#主播说联播#今天，#锦州新闻#有哪些重点？聚焦哪些大事？#在微博看联播#，一起关注！【锦州】市人大常委会举办学习贯彻党的十九届六中全会精神推进全面依法治国专题讲座学习会L爱锦州官方微博的微博视频​,爱锦州官方微博,今天10:34 来自微博视频号,https://weibo.com/1842106923?refer_flag=1001030103_
内训第一课|雷万青教授作以史为鉴、开创未来的政治宣言和行动纲领——学习十九届六中全会会决议精神为题做专题辅导。2延安·延安干部培训学院枣园分院​,延安干部培训学院枣园分院,今天10:27 来自微博weibo.com,https://weibo.com/7713486773?refer_flag=1001030103_
【韩正：坚持问题导向把握重点和关键推动中央生态环保督察工作不断向纵深发展】中共中央政治局常委、国务院副总理、中央生态环境保护督察工作领导小组组长韩正22日主持召开中央生态环境保护督察工作领导小组会议，深入学习贯彻习近平生态文明思想，贯彻落实党的十九届六中全会和中央经济工作会议精​展开c,成都生态环境,今天10:25 来自微博weibo.com,https://weibo.com/3225377512?refer_flag=1001030103_
【CCTV新闻联播｜韩正主持召开中央生态环境保护督察工作领导小组会议】中共中央政治局常委、国务院副总理、中央生态环境保护督察工作领导小组组长韩正22日主持召开中央生态环境保护督察工作领导小组会议，深入学习贯彻习近平生态文明思想，贯彻落实党的十九届六中全会和中央经济工作会议精神，审议第二​展开c,今日国土杂志社,今天10:24 来自微博视频号,https://weibo.com/7200301960?refer_flag=1001030103_
#市州资讯#【就业帮扶真情相助——泸州市残联真抓实干为残疾群众办实事、解难事】为全面贯彻党的十九大和十九届六中全会精神，省委十一届十次全会和市第九次党代会精神，进一步做好“六稳”“六保”工作，按照省人力资源社会保障厅、省乡村振兴局、省残联关于开展2022年就业援助月专项活动的统一安排​展开c,四川残联,今天10:22 来自微博weibo.com,https://weibo.com/3158629034?refer_flag=1001030103_
#郑州好网民#【“十个明确”系列谈|#让当代中国马克思主义放射出更加灿烂的真理光芒#——“十个明确”彰显马克思主义中国化新飞跃】党的十九届六中全会审议通过《中共中央关于党的百年奋斗重大成就和历史经验的决议》，用“十个明确”概括了习近平新时代中国特色社会主义思想的核心内容。深刻回答了​展开c,网信郑州,今天10:21 来自iPhone客户端,https://weibo.com/2416237865?refer_flag=1001030103_
【宿州市领导干部学习贯彻党的十九届六中全会精神集中培训班开班式举行】2月23日上午，全市领导干部学习贯彻党的十九届六中全会精神集中培训班开班式在市委党校举行，市委书记杨军主持会议并讲话。他强调，要持续深入学习领会党的十九届六中全会精神，认真贯彻落实省部级主要领导干部学习贯彻党的十九​展开c,拂晓报社,今天10:21 来自微博weibo.com,https://weibo.com/3546633155?refer_flag=1001030103_
【全区省级领导和厅级主要负责同志专题研讨班结业】2月23日，全区省级领导和厅级主要负责同志学习贯彻党的十九届六中全会精神暨自治区第十二次党代会精神专题研讨班在南宁结业。自治区党委书记、自治区人大常委会主任刘宁，自治区党委副书记、自治区主席蓝天立，自治区政协主席孙大伟，自治区党委副书​展开c,中国广西政府网,今天10:20 来自新版微博weibo.com,https://weibo.com/6431916625?refer_flag=1001030103_
学深悟透力行党章党规、党的十九届六中全会精神及习近平总书记重要讲话精神，易门检察工作还有哪些差距?如何书写2022年易门检察工作新篇章?带着强烈的政治责任感和深深的思考，易门县检察院党支部于2022年2月22日下午，以召开2021年度组织生活会的方式，请每位党员现场“作答”。党员们围绕理想信念​展开c,易门县检察院,今天10:19 来自新版微博weibo.com,https://weibo.com/5973012109?refer_flag=1001030103_
【大走访活动】寒冬走基层暖心解民忧—雷山县司法局扎实开展大走访活动为了巩固“走村寨进社区走企业访群众”大走访成效，全面加强司法行政队伍建设，进一步夯实基层治理基础，2022年2月18日，雷山县司法局工作组一行十人走进方祥乡村民和社区矫正对象家中，以解民忧，听民烦，化民难为目的，在陡寨​展开c,雷山县司法行政,今天10:14 来自新版微博weibo.com,https://weibo.com/5713587171?refer_flag=1001030103_
#检察新闻#春训进行时|检察长廉政党课开讲啦2月23日上午，春训第二天，为进一步加深全院干警对党的纪律和廉政规定的理解，进一步增强干警抓好党风廉政建设的责任和法律意识，切实担负起抓党风廉政建设和检察工作的双重责任，武穴市检察院党组书记、检察长刘敏给全院干警做党风廉政建设专题辅导，对​展开c,武穴检察院,今天10:08 来自新版微博weibo.com,https://weibo.com/5255864652?refer_flag=1001030103_
{三“心”标准选好群众“心上人”}近日，《求是》杂志刊发了习近平总书记的重要文章《努力成为可堪大用能担重任的栋梁之才》。文章指出，要努力成为可堪大用、能担重任的栋梁之才，为实现第二个百年奋斗目标而努力工作，不辜负党和人民期望和重托！在选人用人上，要有坚持为民服务的初心，敢于担当作​展开c,清风网官博,今天10:07 来自新版微博weibo.com,https://weibo.com/2524252462?refer_flag=1001030103_
武山县举办村“两委”正职党的十九届六中全会精神暨乡村振兴能力提升培训班L武山融媒的微博视频​,武山融媒,今天10:06 来自微博视频号,https://weibo.com/7452379375?refer_flag=1001030103_
【让当代中国马克思主义放射出更加灿烂的真理光芒——“十个明确”彰显马克思主义中国化新飞跃】习近平新时代中国特色社会主义思想是当代中国马克思主义、二十一世纪马克思主义，是中华文化和中国精神的时代精华，实现了马克思主义中国化新的飞跃。　　党的十九届六中全会审议通过《中共中央关于党​展开c,砀山发布,今天10:04 来自微博weibo.com,https://weibo.com/1980734371?refer_flag=1001030103_
每日金句|习近平论历史和人民选择了中国共产党习近平论历史和人民选择了中国共产党历史雄辩地说明，没有中国共产党就没有新中国，就没有中国人民的幸福生活，就没有中华民族的伟大复兴。历史和人民选择了中国共产党，中国共产党也没有辜负历史和人民的选择。——习近平2021年11月11日在党的十九届​展开c,秦皇岛共青团,今天10:03 来自Note9Pro一亿像素,https://weibo.com/1134960503?refer_flag=1001030103_
#评论#【坚持推进马克思主义理论创新】党的十九届六中全会审议通过的《中共中央关于党的百年奋斗重大成就和历史经验的决议》（以下简称《决议》），从十个方面对我们党一百年来领导人民进行伟大奋斗积累的宝贵历史经验作出了科学总结，其中之一就是坚持理论创新。这个历史经验不仅表明了中国共产党是​展开c,中国社会科学报,今天10:00 来自微博weibo.com,https://weibo.com/1665216932?refer_flag=1001030103_
【全市领导干部学习贯彻党的十九届六中全会精神专题研讨班结业式举行】2月23日下午，全市领导干部学习贯彻党的十九届六中全会精神专题研讨班结业式在市委党校举行，市委副书记、市长覃卫国主持结业式并讲话。市领导周天伟、李朝晖，其他现职市厅级领导干部出席结业式。研讨班期间，邀请了省委党校​展开c,淮北市人民政府发布,今天09:56 来自360安全浏览器,https://weibo.com/6827214839?refer_flag=1001030103_
【驻马店市总工会传达贯彻省总工会十五届六次全委会议精神】　　2月23日上午，省总工会十五届六次全委会议召开后，驻马店市总工会迅速行动，第一时间召开机关党组（扩大）会议，及时传达学习省总工会全委会议精神，市总工会党组书记、常务副主席李彬主持会议并讲话，并就市总工会下步工作进行了安排部​展开c,驻马店市总工会,今天09:56 来自新版微博weibo.com,https://weibo.com/3578972955?refer_flag=1001030103_
#十九届六中全会#【区融媒体中心发挥党媒主阵地作用】2月22日下午，区委宣讲团成员、区文联主席李卫明到区融媒体中心宣讲党的十九届六中全会精神。区融媒体中心全体党员、干部职工聆听了宣讲。宣讲中，李卫明以“以史为鉴·开创未来”为题，围绕党的百年奋斗重大成就和历史经验，从党的十九届六中全会重​展开c,合川发布,今天09:55 来自微博weibo.com,https://weibo.com/2104912934?refer_flag=1001030103_
【郝光耀在新区党组织书记抓基层党建述职评议考核会议上强调大抓基层　夯实基础　为高质量发展提供坚强保障】2月22日，新区党组织书记抓基层党建述职评议考核会议召开。市委常委、常务副市长，市新区管委会党工委书记郝光耀主持并讲话。他强调，要在全面从严治党中坚决贯彻新时代党的组织路线，大抓​展开c,铜川新区发布,今天09:54 来自360安全浏览器,https://weibo.com/3177876942?refer_flag=1001030103_
【市委理论学习中心组学习会暨全市领导干部学习贯彻党的十九届六中全会精神专题研讨班开班式举行】2月21日上午，市委理论学习中心组学习会暨全市领导干部学习贯彻党的十九届六中全会精神专题研讨班开班式在市委党校举行。市委书记张永主持会议并讲话。他强调，要深入学习贯彻党的十九届六中全会精神​展开c,淮北市人民政府发布,今天09:54 来自360安全浏览器,https://weibo.com/6827214839?refer_flag=1001030103_
【权威发布丨这五个山东人的事迹，打动人心】“厚道齐鲁地，美德山东人”。2月23日，省委宣传部举行记者见面会，邀请部分全国和全省道德模范代表与记者见面交流。近年来，山东省精心做好典型模范选树。去年，山东赵利、张连钢、谢立亭3人荣获第八届全国道德模范荣誉称号，是数量最多的省份之一，同时​展开c,山东法制报,今天09:52 来自微博weibo.com,https://weibo.com/1078657314?refer_flag=1001030103_
【李鸿忠廖国勋与国家管网集团董事长张伟会谈】本报讯（记者魏彧于春沣）23日下午，滨海新区区政府与国家石油天然气管网集团有限公司签署战略合作框架协议，深化与我市在能源基础设施建设等领域长期合作，明确将在滨海新区筹建天津区域总部基地。市委书记李鸿忠，市委副书记、市长廖国勋与国家管网​展开c,网信河西,今天09:51 来自微博weibo.com,https://weibo.com/6366678657?refer_flag=1001030103_
【CCTV新闻联播｜韩正主持召开中央生态环境保护督察工作领导小组会议】中共中央政治局常委、国务院副总理、中央生态环境保护督察工作领导小组组长韩正22日主持召开中央生态环境保护督察工作领导小组会议，深入学习贯彻习近平生态文明思想，贯彻落实党的十九届六中全会和中央经济工作会议精神，审议第二​展开c,青岛环保,今天09:50 来自微博视频号,https://weibo.com/3245359303?refer_flag=1001030103_
习近平新时代中国特色社会主义思想是当代中国马克思主义、二十一世纪马克思主义，是中华文化和中国精神的时代精华，实现了马克思主义中国化新的飞跃。党的十九届六中全会审议通过《中共中央关于党的百年奋斗重大成就和历史经验的决议》，用“十个明确”概括了习近平新时代中国特色社会主义思想的核心​展开c,拱墅发布,今天09:46 来自微博weibo.com,https://weibo.com/3734799501?refer_flag=1001030103_
【讲习所开讲了丨读懂这场广泛而深刻的革命】法治，关系到社会生活的方方面面。2020年11月，中国共产党的历史上首次召开的中央全面依法治国工作会议，将习近平法治思想明确为全面依法治国的指导思想。党的十九届六中全会以“十个明确”对习近平新时代中国特色社会主义思想作出概括，其中一个“明确”​展开c,潍坊高新检察,今天09:44 来自微博视频号,https://weibo.com/6505901464?refer_flag=1001030103_
O韩正：坚持问题导向把握重点和关键推动中央生态环保督察工作不断向纵深发展中共中央政治局常委、国务院副总理、中央生态环境保护督察工作领导小组组长韩正22日主持召开中央生态环境保护督察工作领导小组会议，深入学习贯彻习近平生态文明思想，贯彻落实党的十九届六中全会和中央经济工作会议精神，审议第二轮第五批中央生态环境保护督察报告，研究部署第​展开c,南通生态环境,今天09:43 来自新版微博weibo.com,https://weibo.com/2809155290?refer_flag=1001030103_
【韩正：坚持问题导向把握重点和关键推动中央生态环保督察工作不断向纵深发展】中共中央政治局常委、国务院副总理、中央生态环境保护督察工作领导小组组长韩正22日主持召开中央生态环境保护督察工作领导小组会议，深入学习贯彻习近平生态文明思想，贯彻落实党的十九届六中全会和中央经济工作会议精神​展开c,济宁环境,今天09:41 来自HUAWEIMate40,https://weibo.com/1065190973?refer_flag=1001030103_
【“我的幸福我的家”美术宣讲：红火年】为深入学习宣传贯彻党的十九届六中全会精神，以多种形式推进全会精神宣讲“七进”，武清区委宣传部联合区教育局、区文旅局开展“我的幸福我的家”学习宣传贯彻党的十九届六中全会精神美术宣讲活动。活动立足“我的幸福我的家”主题，以不同年代的幸福生活场景、​展开c,文明天津,今天09:40 来自微博weibo.com,https://weibo.com/6650459496?refer_flag=1001030103_
【王志林同志主持召开分管处室2022年度全面从严治党工作部署会暨一季度工作推动会】为切实落实全面从严治党“一岗双责”，抓好分管领域全面从严治党工作，2月23日下午，市农业农村委党委委员、副主任王志林同志主持召开分管处室2022年度全面从严治党工作部署会暨一季度工作推动会。委政策改革处、社会​展开c,天津三农,今天09:38 来自微博weibo.com,https://weibo.com/3513963757?refer_flag=1001030103_
【让当代中国马克思主义放射出更加灿烂的真理光芒——“十个明确”彰显马克思主义中国化新飞跃】习近平新时代中国特色社会主义思想是当代中国马克思主义、二十一世纪马克思主义，是中华文化和中国精神的时代精华，实现了马克思主义中国化新的飞跃。　　党的十九届六中全会审议通过《中共中​展开c,中华泰山网,今天09:37 来自搜狗高速浏览器,https://weibo.com/1166778057?refer_flag=1001030103_
【胡忠雄：奋力推动新时代统战工作高质量发展为“强省会”行动作出新的更大贡献】#强省会贵阳贵安在行动#2月23日，省委常委、市委书记胡忠雄调研市委统战部，走访各民主党派市委（支部）、市工商联机关并召开座谈会。他强调，要深入学习贯彻习近平总书记关于加强和改进统一战线工作的重要思想和视察​展开c,贵阳经开区,今天09:32 来自微博weibo.com,https://weibo.com/6251977048?refer_flag=1001030103_
【胡忠雄：奋力推动新时代统战工作高质量发展为“强省会”行动作出新的更大贡献】#强省会贵阳贵安在行动#2月23日，省委常委、市委书记胡忠雄调研市委统战部，走访各民主党派市委（支部）、市工商联机关并召开座谈会。他强调，要深入学习贯彻习近平总书记关于加强和改进统一战线工作的重要思想和视察​展开c,贵阳网,今天09:32 来自微博weibo.com,https://weibo.com/3740356007?refer_flag=1001030103_
微博内容,发布者名称,发布时间以及设备,发布者主页
